ID;Ort;f1;f2;f3_1;f3_2;f3_3;f3_4;f3_5;f3_6;f3_7;f3_8;f3_9;f3_10;f3_11;f3_txt_val;f3_txt;f4_1;f4_2;f4_3;f4_4;f4_5;f4_6;f4_7;f4_8;f4_9;f4_10;f4_11;f4_12;f4_13;f4_14;f4_txt_val;f4_txt;f5_1;f5_2;f5_3;f5_4;f5_5;f5_6;f5_7;f5_8;f5_9;f5_10;f5_11;f5_txt_val;f5_txt;f6_1;f6_2;f6_3;f6_4;f6_5;f6_6;f6_7;f6_8;f6_9;f6_txt;f7_txt;f8;f9;f10_1;f10_2;f11_1;f11_2;f11_3;f11_4;f11_5;f11_6;f11_7;f11_8;f11_9;f11_10;f11_txt;f12_1;f12_2;f12_3;f12_4;f12_5;f12_6;f12_7;f12_8;f12_9;f13_1;f13_2;f13_3;f14_txt;f15_1;f15_2;f15_3;f15_4;f15_5;f15_6;f15_7;f15_8;f15_9;f15_10;f15_11;f15_12;f15_13;f15_14;f15_15;f15_16;f15_txt_val;f15_txt;f16_1;f16_2;f16_3;f16_4;f16_5;f16_6;f16_7;f16_8;f16_9;f17;f17_Comment;f18_1;f18_2;f18_3;f18_4;f18_5;f18_6;f18_7;f18_8;f18_9;f19_1;f19_2;f19_3;f19_4;f19_5;f19_6;f19_7;f19_8;f19_9;f19_10;f20;f21;f22;f23_1;f23_2;f23_3;f23_4;f24;f25_1;f25_2;f26
1;1;2;3;3;2;1;1;1;1;2;2;2;3;2; ; ;1;1;3;3;3;6;3;3;1;3;1;1;1;1; ; ;1;1;1;1;1;1;1;1;1;1;4; ; ;1;2;2;1;8;8;8;8;2; ;frisch gepresster Orangensaft, Biomilch;2;1;2;1;1;0;0;0;0;0;0;0;0;0;Reisebüro;0;0;0;0;1;1;0;1;0;8;5;6;Keine Frage des Vertrauens, kaufe Bionahrung nach Verfügbarkeit;2;2;1;1;2;3;2;2;1;1;3;2;1;1;1;2; ; ;1;2;1;2;2;2;6;5;5;5; ;5;1;7;7;1;7;2;2;7;2;3;1;6;2;2;2;1;2;5;3;2;1969;7;2; ; ; ;D;69226;6
2;1;1;2;3;2;2;2;1;1;2;2;2;2;1; ; ;3;4;3;5;5;2;2;1;2;3;2;2;3;2; ; ;1;2;3;4;4;1;3;1;2;3;2; ; ;1;2;2;2;3;1;3;3;1; ; ;4;2;3;3;0;0;0;0;0;0;0;0;1;0; ;0;1;0;0;1;0;0;1;0;8;2;5; ;7;2;1;1;4;4;4;3;2;2;3;6;5;1;2;5; ; ;3;2;1;3;2;5;5;5;6;0; ;2;5;1;2;3;4;3;4;6;3;3;2;3;2;1;1;3;1;7;4;2;1980; ; ; ; ;"Reisen; Wellness; Lesen";D;96275;1
3;1;6;3;1;1;1;1;2;2;1;1;1;1;1; ; ;2;4;6;6;6;6;1;1;1;6;3;3;3;1; ; ;1;1;1;2;2;1;1;3;1;1;0; ; ;1;1;1;1;1;1;1;3;1; ; ;2;2;3;3;1;0;1;0;0;0;0;0;0;0; ;1;0;0;1;1;0;0;1;0;0;0;0; ;1;1;1;1;1;5;5;5;1;1;1;2;1;3;1;1; ; ;1;1;1;1;1;1;5;6;7;-99; ;1;5;7;1;1;5;5;3;2;1;4;3;4;2;2;4;2;2;6;4;2;0;20;12; ; ;"Sport; Lesen";D;69126;6
4;1;9;2;2;2;1;8;2;2;2;2;4;4;2; ; ;3;3;7;3;7;7;4;1;1;5;1;5;5;4; ; ;1;1;4;4;4;1;4;2;1;4;4; ; ;2;2;3;8;8;2;8;8;2; ; ;5;4;7;3;1;0;0;0;1;0;0;0;0;0; ;0;0;0;0;1;1;0;0;0;0;0;0; ;4;4;2;4;4;7;7;7;7;2;7;5;7;2;2;7; ; ;7;2;2;7;3;7;7;7;7;0; ;8;7;3;2;2;3;4;6;4;1;6;3;7;3;5;3;5;4;7;4;1;1958;21;19;17; ;"Tennis; Tauchen; Gartenrbeit; Radfahren";D;23795;6
5;1;9;2;2;1;1;2;2;2;2;2;2;2;2; ; ;2;2;5;3;5;5;2;2;2;2;1;2;6;1; ; ;1;1;2;3;3;2;3;5;1;2;3; ; ;2;2;2;3;3;2;3;5;2; ; ;4;3;4;4;1;0;0;0;0;0;0;0;0;0; ;0;0;0;0;1;1;0;1;0;5;8;6;Bekanntheit;1;1;1;1;1;1;1;1;1;1;1;1;1;1;1;1; ; ;4;4;4;4;4;4;4;4;4;-99; ;2;6;4;2;3;3;5;5;3;3;7;2;5;3;4;3;2;2;7;3;2;0;21;19;17; ;Laufen;D;23795;0
6;1;3;2;4;2;3;8;2;2;2;2;3;4;2; ; ;3;3;5;4;6;3;3;2;2;6;1;2;3;4; ; ;1;1;2;3;3;1;2;1;1;3;3; ; ;2;2;3;3;3;2;8;8;2; ;Gestern und heute kein schönes Steak gesehen;3;3;4;3;1;0;0;0;0;0;0;1;0;0;zum 2. Mal hier;0;0;0;0;1;0;0;1;0;8;5;6;Bekanntheitsgrad;3;3;2;2;3;4;3;3;3;2;2;3;2;2;2;4; ; ;2;2;2;2;3;3;5;2;4;0; ;6;4;6;2;4;3;4;5;5;3;3;2;2;4;5;5;4;4;7;4;1;1960;19;17; ; ;"Joggen; Schach; Tennis";D;95400;0
7;1;2;1;2;2;2;2;2;2;2;2;1;2;2; ; ;2;2;2;8;8;3;2;1;2;3;2;2;2;2; ; ;1;1;1;1;1;2;1;1;2;1;2; ; ;1;1;1;8;8;2;8;8;2; ; ;2;1;1;1;1;0;0;0;0;0;0;0;0;0;Reisebüro;0;0;0;0;1;1;0;1;0;8;6;5;Nr. 8 ist als allg. Gütesiegel von der Bundesregierung eingeführt!?;3;3;1;1;3;7;7;3;7;1;3;3;3;1;1;3; ; ;1;1;1;1;1;1;4;1;1;5; ;2;2;7;4;2;7;1;2;7;2;3;1;3;3;2;3;1;3;6;4;1;1963; ; ; ; ;"Radsport; Wandern; Fotografieren";D;65428;3
8;1;7;2;1;1;1;8;1;1;2;1;0;8;1; ; ;2;2;0;3;4;4;1;2;1;5;1;2;4;2; ; ;1;1;2;2;2;1;1;3;1;4;4; ; ;1;2;2;2;8;1;8;8;1; ; ;4;4;4;3;1;0;0;0;0;0;0;1;0;0; ;0;0;0;0;1;1;0;1;0;8;5;6; ;5;5;1;3;5;5;3;4;1;1;6;4;1;1;2;6; ; ;4;2;2;7;2;2;6;6;6;0; ;6;7;1;1;1;6;6;8;1;1;5;4;4;3;5;1;2;2;6;4;2;1947;32;29; ; ;"Sport; Reisen";D;86316;6
9;1;2;0;2;1;1;1;3;3;4;2;2;0;2; ; ;3;4;5;3;3;7;2;2;2;3;2;2;2;2; ; ;1;1;1;1;1;1;1;1;1;1;1; ; ;2;2;2;1;2;1;2;8;2; ; ;2;2;2;1;0;0;0;0;0;0;0;0;0;1; ;0;0;0;0;1;1;0;1;0;0;0;0; ;2;2;2;2;2;3;3;3;3;2;2;2;8;8;2;2; ; ;2;2;1;2;1;1;3;2;2;-99; ;3;4;4;3;3;4;2;4;3;2;4;4;4;4;4;4;3;3;6;1;2;0;40; ; ; ;viele;D;85540;0
10;1;6;3;2;1;1;1;3;3;3;1;1;2;2; ; ;2;3;6;6;6;6;2;2;2;2;2;2;2;2; ; ;1;1;1;1;1;1;2;1;2;2;2; ; ;2;2;2;8;8;8;8;8;8;nicht beurteilbar weil Einblick fehlt; ;2;2;2;1;1;0;0;0;0;0;0;0;0;0; ;0;0;0;0;1;1;1;1;0;0;0;0;alle gleich;3;3;2;1;2;5;5;5;5;2;2;3;2;1;4;4; ; ;2;2;2;3;2;2;3;3;3;10; ;2;2;7;4;3;6;4;3;6;3;2;2;6;4;4;2;3;3;7;4;2;1968;6;1,5; ; ; ;D;85440;0
11;1;2;2;2;2;1;8;1;1;3;3;3;3;1; ; ;4;4;7;2;3;3;1;1;1;1;1;1;1;2; ; ;2;2;1;1;1;1;1;1;2;3;3; ; ;1;1;2;8;1;2;2;8;2; ; ;2;2;2;1;0;0;0;0;0;0;0;0;0;1; ;0;0;0;0;1;1;0;1;1;6;8;5;Demeter und Biosiegel sind am bekanntesten;2;2;1;1;2;5;3;3;7;1;1;2;1;1;2;2; ; ;3;1;1;1;1;3;7;3;3;2; ;3;2;6;3;2;4;1;2;7;2;3;3;2;2;2;2;2;2;6;3;2;1963;21;20;11; ;"Sport; etwas Klavier; Gartenarbeit";D;63517;6
12;1;2;2;2;2;2;8;2;2;4;2;3;3;3; ; ;6;7;7;6;7;7;3;1;1;4;1;1;1;1; ; ;1;1;1;2;2;1;1;3;1;2;3; ; ;2;2;2;2;1;1;8;8;2; ; ;2;1;1;1;0;0;0;0;0;0;0;0;1;0; ;0;0;0;0;1;1;0;1;0;6;5;8;eigene gute ERfahrungen sowie gute Testergebnisse (Ökotest o. ä.);1;1;1;1;2;4;4;1;4;1;4;1;1;2;2;3; ; ;1;1;3;2;1;2;4;2;3;7,5; ;4;2;7;5;1;3;1;2;5;3;3;2;2;5;4;3;1;1;5;4;1;1960;20;19;11; ;"Biken; Wandern"; ;0;6
13;1;12;2;2;2;3;8;0;2;6;3;3;4;3; ; ;2;2;3;3;2;2;2;1;3;3;1;8;8;1; ; ;1;1;2;2;2;1;2;1;2;1;2; ; ;2;1;8;8;8;1;8;1;1; ; ;5;5;6;8;1;0;0;0;0;0;0;1;0;0; ;0;0;0;0;0;0;0;0;0;0;0;0; ;0;0;0;0;0;0;0;0;0;0;0;0;0;0;0;0; ; ;7;7;7;7;7;7;7;7;7;0; ;7;7;8;5;0;0;7;7;1;2;2;1;1;2;1;1;2;1;8;4;1;1944;42; ; ; ; ;D;82319;0
14;1;14;2;2;1;4;8;3;2;1;2;8;0;2; ; ;3;1;5;3;1;7;5;1;5;4;1;1;3;3; ; ;1;0;0;2;2;1;2;1;1;3;3; ; ;2;0;0;0;0;0;0;0;0; ; ;4;2;8;8;1;0;0;0;0;0;0;1;0;0;langjähriges Reisebüro als Anbieter - 1 Person die fast alle Clubs kennt!;0;0;0;0;1;1;0;1;0;6;0;0; ;0;0;1;0;0;0;0;0;7;2;3;0;1;1;2;4; ; ;3;2;2;0;2;3;5;4;3;-99; ;7;7;2;2;2;3;6;8;8;3;2;1;2;1;1;1;2;2;0;3;2;1944; ; ; ; ;"Malen und Gestalten; Radfahren";D;82319;0
15;1;2;2;3;3;2;2;3;2;3;3;0;3;4; ; ;5;4;4;5;5;6;3;3;3;4;3;2;3;4; ; ;2;2;2;2;3;2;2;2;2;1;0; ; ;2;2;2;2;2;2;2;2;1; ; ;2;2;2;2;0;0;0;0;0;0;0;0;0;1; ;0;0;0;0;1;1;0;1;0;8;6;5; ;3;3;2;2;3;5;5;5;5;4;3;4;2;3;2;4; ; ;1;1;1;3;2;3;3;3;4;10; ;4;3;3;3;2;3;4;3;7;4;4;4;5;4;4;3;3;3;6;3;1;1942;40; ; ; ;Radfahren;D;85540;5
16;1;6;2;3;2;2;2;2;2;1;1;2;8;2; ; ;5;5;4;4;4;5;2;3;1;5;3;2;1;2; ; ;2;2;3;2;3;3;2;1;2;6;2; ; ;2;2;3;2;3;3;2;1;2; ; ;3;2;2;2;1;0;0;0;0;0;0;0;0;0; ;0;0;0;0;1;1;0;0;0;6;5;0;Antroposophen sind kompromislos;3;3;2;2;4;5;6;6;8;3;3;5;2;1;2;5; ; ;2;2;2;4;2;2;5;2;1;7,5; ;6;3;7;3;3;5;3;3;6;2;4;4;2;4;4;4;4;4;4;4;1;1959;12;16; ; ; ;D;63517;6
17;1;3;2;1;1;1;8;1;1;3;2;2;3;2; ; ;3;5;2;2;5;7;3;2;1;7;1;2;2;1; ; ;1;1;2;2;2;1;1;1;1;1;3; ; ;2;2;2;1;1;1;1;1;2; ;mehr Gemüse;2;2;2;8;1;0;0;0;0;0;0;0;0;1; ;0;0;0;0;0;0;0;0;0;8;6;5;guter Geschmack;1;1;2;1;2;3;3;2;6;2;1;1;1;1;2;2; ; ;2;1;2;1;1;3;4;3;4;10; ;5;1;7;2;2;7;2;4;7;1;1;1;4;3;2;2;2;1;3;1;1;1954; ; ; ; ; ;D;64560;4
18;1;1;2;1;2;2;2;2;1;2;2;2;2;1; ; ;3;3;3;3;5;4;1;1;1;4;2;2;3;3; ; ;1;1;2;2;2;1;1;3;1;2;2; ; ;1;2;2;8;8;2;8;8;2; ; ;4;2;3;3;0;0;0;0;0;0;0;1;1;0; ;0;0;0;0;1;0;1;1;0;8;7;5; ;4;2;3;3;4;3;7;4;4;4;1;4;1;1;1;3; ; ;2;3;3;4;3;3;7;7;7;-99; ;3;4;6;2;3;3;5;5;4;2;2;3;4;3;5;2;4;3;6;4;2;1982; ; ; ; ;Sport, Lesen;D;82538;1
19;1;3;3;2;4;2;2;4;4;4;2;3;0;2; ; ;7;7;8;2;7;7;1;3;1;3;2;1;1;1; ; ;1;1;1;1;1;1;1;7;1;0;3;0;Saisonales Angebot;2;4;2;6;6;2;8;0;4; ;Fisch ist immer trocken, schade;3;1;2;2;1;0;0;0;0;0;0;0;0;0; ;0;0;0;0;1;1;1;1;0;0;0;0; ;1;2;1;1;3;2;3;2;1;1;1;1;1;8;0;5; ; ;1;1;1;2;1;1;5;1;1;0;keinen, man könnte auf Austern etc. verzichten;5;7;4;8;1;4;2;4;1;1;4;4;1;1;1;1;1;1;4;4;2;0;7; ; ; ;Sport;D;86152;4
20;1;6;3;2;0;1;1;2;1;2;2;2;2;2; ; ;6;6;6;5;4;3;2;2;2;4;2;2;2;2; ; ;1;1;1;1;1;1;1;1;1;1;1; ; ;2;2;2;2;2;2;2;2;2; ; ;2;2;1;1;0;0;0;0;0;0;0;1;0;0; ;0;0;0;0;1;1;0;1;0;8;6;0; ;5;2;2;2;4;4;4;4;4;2;2;3;2;2;2;3; ; ;2;2;2;2;2;2;2;2;2;-99; ;0;0;0;0;0;0;0;0;0;3;3;3;2;3;3;3;2;3;3;3;2;1967;9;6; ; ;Tennis;D;94554;3
21;1;8;3;2;0;1;1;2;2;2;2;0;0;2; ; ;7;7;7;7;2;2;1;1;1;3;2;1;1;2; ; ;1;1;1;1;3;1;3;3;3;3;3; ; ;2;2;2;3;3;2;4;4;2; ; ;2;2;3;2;1;0;0;0;0;0;0;0;0;0; ;0;0;0;0;0;1;0;1;0;6;8;0; ;3;3;1;1;3;3;3;3;3;1;1;3;1;1;1;3; ; ;3;1;1;3;1;3;3;3;3;-99; ;4;3;4;3;4;4;3;4;2;4;6;4;4;4;6;5;4;2;4;2;2;1966;9;7;,5; ;Beruf;D;82031;6
22;1;2;3;1;1;1;1;1;1;1;1;1;2;1; ; ;3;3;3;3;4;1;2;1;1;1;1;1;1;1; ; ;1;1;1;2;2;1;1;1;1;1;1; ; ;1;1;1;1;8;1;8;8;1; ; ;4;4;3;3;0;0;0;0;0;0;0;1;1;0;Reisebüro;0;0;0;0;1;0;0;1;0;8;6;0;weil nur diese bekannt sind;1;1;1;1;2;3;3;3;3;1;1;1;1;1;1;2; ; ;2;2;1;2;2;3;4;3;3;-99; ;2;3;6;1;1;0;0;0;0;0;0;0;0;0;0;0;0;0;0;3;1;1975;1,5; ; ; ;"Radfahren; Golf; Familie; Freunde";D;65779;0
23;1;2;3;2;2;2;1;1;1;2;1;1;2;2; ; ;3;3;4;3;3;3;3;3;3;3;3;2;3;3; ; ;1;1;1;2;1;1;1;1;1;1;1; ; ;1;1;1;2;2;2;2;1;2; ; ;3;3;3;1;1;0;0;0;0;0;0;1;0;0; ;0;0;0;0;1;0;0;1;0;8;5;0;nur diese bekannt;1;1;1;1;1;3;3;3;1;1;1;1;1;1;1;1; ; ;2;1;1;1;1;2;2;3;3;-99; ;2;2;4;1;1;4;4;4;6;3;2;2;4;2;3;3;3;3;4;3;2;1976;1,5; ; ; ; ;D;65779;0
24;1;7;3;3;3;2;2;3;3;4;4;3;5;4; ; ;5;5;4;6;7;3;2;2;2;4;3;2;2;2; ; ;1;1;2;1;2;1;2;1;2;2;2; ; ;3;3;3;8;8;3;8;8;3; ; ;2;1;2;2;0;0;0;0;0;0; ;0;0;0; ;0;0;0;0;1;1;1;1;0;0;0;0; ;1;2;4;2;6;6;6;3;7;3;3;3;1;1;2;3; ; ;2;1;1;1;1;3;6;6;6;-99; ;5;3;7;5;2;4;2;5;3;2;6;3;6;0;3;3;2;2;6;4;2;1966;15;13;12;6; ;D;82131;0
25;1;2;3;3;2;1;1;1;1;3;1;3;4;2; ; ;6;5;5;5;3;6;2;1;1;6;1;1;3;5; ; ;1;1;1;2;3;1;5;5;1;3;6; ; ;1;1;1;2;3;2;8;8;1; ; ;4;3;3;2;1;0;0;0;0;0;0;1;1;0; ;0;0;0;0;0;0;0;1;0;8;0;0;kenne nur das eine;2;2;1;1;8;8;4;4;1;1;3;4;1;1;2;5; ; ;2;2;3;5;3;7;7;7;7;3; ;5;5;7;3;5;3;5;5;3;1;5;1;2;2;1;3;1;1;5;4;2;1976;,5; ; ; ;Sport;D;60318;6
26;1;7;3;5;2;2;2;1;2;5;3;3;6;4; ; ;6;5;5;5;6;5;2;3;1;6;1;1;3;2; ; ;1;1;1;2;3;1;5;5;1;3;6; ; ;1;1;1;2;3;2;8;8;1; ; ;4;3;3;2;1;0;0;0;0;0;0;1;1;0; ;0;0;0;0;1;1;0;1;0;8;5;6;vermutete Unabhängigkeit;2;2;1;1;4;4;4;4;1;1;1;4;1;1;3;5; ; ;2;2;3;5;3;7;7;7;7;5; ;5;5;7;3;5;3;5;5;3;1;5;2;6;2;6;1;2;2;6;4;1;1972;,5; ; ; ;Sport;D;60318;6
27;1;4;2;2;2;3;8;1;1;3;2;4;4;3; ; ;6;6;6;5;5;6;2;2;1;4;1;1;2;2; ; ;2;1;1;3;1;2;4;2;1;1;4; ; ;1;2;0;8;8;3;8;8;1; ;Bessere Nachspeise;4;3;4;2;0;0;0;0;0;0;0;1;0;0; ;0;0;0;0;1;0;0;1;0;0;0;0; ;4;1;2;5;4;3;3;2;6;2;1;4;7;1;7;7; ; ;2;2;2;2;1;3;7;2;7;2; ;5;6;7;4;2;3;4;5;2;1;3;4;7;3;2;2;2;1;6;4;2;1974; ; ; ; ;"Klettern; Ski; Radfahren";D;81371;6
28;1;0;2;3;1;2;8;1;1;2;2;2;8;3; ; ;3;3;3;3;4;4;3;3;3;7;1;1;8;8; ; ;2;2;2;2;6;2;2;8;2;2;2; ; ;1;2;2;2;8;2;8;8;2; ; ;5;4;4;8;0;0;0;0;0;0;0;1;1;0; ;0;0;0;0;1;0;0;1;0;0;0;0;"kann ich nicht beurteilen --> Bio ist ""in""";4;4;3;3;5;4;4;4;1;4;2;0;2;2;2;4; ; ;4;4;4;4;4;4;8;8;8;-99; ;6;7;7;3;7;2;8;7;6;2;5;4;6;3;3;3;2;3;4;3;1;1968; ; ; ; ;Sport;D;81371;6
29;1;10;3;3;1;2;1;1;1;1;1;2;4;1; ; ;3;3;4;3;4;4;2;3;2;4;1;1;2;2; ; ;1;1;2;2;2;1;3;2;1;2;4; ; ;1;2;2;2;2;1;2;2;1; ; ;3;2;2;2;1;0;0;0;0;0;0;0;0;0; ;0;0;0;0;1;1;1;1;0;0;0;0;Bekanntheit;2;2;1;1;2;2;2;1;4;2;2;3;3;3;1;4; ; ;2;2;2;1;2;2;2;2;2;-99; ;3;3;5;1;3;3;3;4;4;2;2;2;2;3;3;2;2;3;5;2;1;1966;11;8; ; ;"Fussball; Ballsportarten";D;82041;6
30;1;1;3;2;2;2;2;2;2;3;1;3;4;3; ; ;4;3;3;2;4;6;3;3;2;5;2;2;2;3; ; ;2;2;2;2;2;2;2;2;2;2;3; ; ;2;2;3;3;2;2;2;2;2; ; ;4;1;3;1;1;0;0;0;0;0;0;0;0;1; ;0;0;0;0;1;0;0;1;0;5;8;7; ;2;1;1;1;2;3;5;2;5;1;4;2;3;1;2;3; ; ;3;2;3;5;1;2;5;2;3;-99; ;6;4;7;2;3;4;2;4;4;3;2;2;4;2;3;2;2;2;7;3;1;1966;13;11; ; ; ;D;80;0
31;1;2;2;2;2;1;1;3;1;1;2;2;3;2; ; ;2;3;3;3;3;1;1;1;2;5;1;2;2;2; ; ;1;1;2;2;2;1;2;2;1;2;2; ; ;3;3;2;8;8;3;8;8;3; ;Frisches, hochwertiges und gut zubereitetes Fleisch (meist zäh und wenig Geschmack), Wärme der Speisen (alles lauwarm / kalt);3;3;3;2;0;0;0;0;0;0;0;0;1;0; ;0;0;0;0;1;0;0;1;0;8;5;0; ;2;3;2;3;3;7;7;3;2;2;3;2;2;2;2;3; ; ;2;2;2;3;1;3;3;77;3;-99; ;3;5;6;2;2;3;2;7;5;4;2;2;5;1;3;5;3;1;8;4;2;1978; ; ; ; ; ;D;33602;0
32;1;2;0;3;3;3;2;2;8;7;3;3;4;3; ; ;3;4;3;5;7;7;2;2;2;7;1;4;7;3; ; ;1;1;2;3;3;2;3;4;1;2;1; ; ;8;8;8;8;8;8;8;8;8; ; ;6;5;7;8;0;0;0;0;1;0;0;0;0;0; ;0;1;0;0;0;0;0;1;0;0;0;0; ;8;8;8;8;8;8;8;8;8;8;8;8;8;8;8;8; ; ;7;7;7;7;7;7;7;7;7;-99; ;6;7;2;4;5;4;8;7;2;2;3;4;7;3;4;5;6;5;7;2;1;0; ; ; ; ;Handball;D;0;0
33;1;1;2;3;3;3;2;2;8;7;3;3;4;3; ; ;3;2;4;4;2;5;3;1;1;2;1;2;3;2; ; ;2;2;3;2;4;1;2;3;2;2;4; ; ;2;2;2;3;2;1;3;2;3; ; ;4;2;3;2;1;0;0;0;0;0;0;0;0;0; ;1;0;0;0;1;1;0;1;0;8;6;5; ;1;2;2;3;2;1;2;2;2;3;2;3;4;3;2;3; ; ;2;1;1;2;1;2;3;2;2;1; ;3;2;4;2;2;2;3;3;3;1;2;1;4;2;2;1;2;1;0;2;1;1988; ; ; ; ;Handball;D;66663;2
34;1;2;2;3;2;2;2;2;2;2;2;2;3;1; ; ;2;2;1;2;3;1;2;2;1;2;2;1;2;2; ; ;1;1;2;2;4;2;1;2;1;1;2; ; ;2;2;8;8;8;2;8;8;2; ; ;3;2;2;1;1;0;0;0;0;0;0;0;0;0; ;0;0;0;0;1;0;0;1;1;8;5;9;Bekanntheit;2;1;1;1;2;1;1;3;4;4;4;2;1;1;1;1; ; ;2;2;2;2;2;2;4;3;2;1; ;3;4;6;6;4;5;4;2;3;1;2;2;5;1;2;2;2;2;1;2;1;1989; ; ; ; ;"Handball; Tauchen";D;66663;0
35;1;6;3;2;2;2;2;2;2;2;2;2;3;2; ; ;3;3;4;3;5;4;2;2;2;2;2;2;2;2; ; ;1;1;1;1;1;2;1;1;2;2;2; ; ;2;2;2;2;2;2;2;2;2; ; ;2;2;2;2;1;0;0;0;0;0;0;1;0;0; ;0;1;0;0;1;1;1;1;0;6;7;2;Demeter achtet ausschließlich auf Qualität und ist sehr streng geprüft;1;1;1;1;2;2;2;2;3;1;1;1;1;1;2;2; ; ;2;1;1;1;1;2;2;2;2;-99; ;3;2;3;2;2;4;2;3;6;2;2;2;4;3;3;2;2;2;4;1;2;1969;3; ; ; ;"Lesen; Wandern";D;86916;5
36;1;6;3;1;2;2;1;1;1;2;1;2;3;2; ; ;3;3;4;3;4;3;2;1;1;3;1;1;1;2; ; ;1;1;2;1;1;1;2;1;1;1;2; ; ;1;1;1;2;2;1;8;8;1; ; ;2;2;1;1;1;0;0;0;0;0;0;1;0;0; ;1;1;0;0;1;1;1;1;0;6;5;7;Demeter hat die strngstens Qualitätsmerkmale. Alle anderen fallen hinsichtlich der Qualitätsansprüche ab. EU Biosiegel lässt zu viele Punkte (Gentechnik usw.) durch!;1;2;1;1;3;3;3;2;1;1;2;1;1;3;2;2; ; ;2;1;1;1;1;2;3;2;2;-99; ;2;1;7;4;1;7;2;2;6;3;5;2;2;2;2;2;2;2;7;4;1;1972;3; ; ; ;"Squasch; Radfahren; Yoga; Lesen; Wandern";D;86916;5
37;1;4;1;4;1;1;1;1;1;1;1;1;1;1; ; ;6;3;7;4;2;7;1;1;2;1;1;1;1;1; ; ;1;1;1;1;1;1;1;1;1;1;1; ; ;2;1;2;2;2;2;8;8;2; ; ;2;1;1;1;1;0;0;0;0;0;0;0;0;0; ;0;0;0;1;1;1;0;1;0;5;8;6;Weil ich die Lebensmittel dort beziehe und daher beurteilen kann;1;1;1;1;0;0;0;0;0;0;1;1;1;1;0;0; ; ;1;1;1;2;1;2;2;1;1;0; ;1;8;8;4;1;7;1;3;2;2;2;1;3;1;1;2;1;1;1;3;2;1961;24;21;9; ;"Sport; Reisen; Lesen";D;84066;0
38;1;0;0;2;2;1;2;1;4;2;1;1;3;3; ; ;4;4;4;3;6;6;1;1;1;3;1;1;3;4; ; ;2;2;2;3;4;0;4;4;8;8;8; ; ;1;2;1;8;8;8;8;8;8; ; ;4;4;4;8;1;0;0;0;0;0;0;0;0;0; ;0;1;0;0;1;0;0;1;0;0;0;0; ;4;1;3;3;3;3;3;2;1;1;1;2;1;1;1;4; ; ;1;1;1;8;8;6;7;7;7;-99; ;6;7;6;2;6;8;8;2;4;1;3;1;3;1;1;1;1;1;7;4;2;1978; ; ; ; ; ;D;92637;3
39;1;3;2;2;2;2;2;2;2;2;2;2;2;2; ; ;3;4;6;3;3;2;2;2;2;3;2;1;1;1; ; ;1;1;2;2;2;1;1;1;1;1;1; ; ;2;2;2;2;2;2;1;2;2; ; ;2;2;2;2;1;0;0;0;0;0;0;1;0;0; ;0;1;0;0;1;0;0;1;0;5;8;2; ;2;1;1;1;2;1;2;1;1;1;1;1;1;1;2;2; ; ;1;1;1;1;1;2;4;2;2;-99; ;2;2;6;2;2;5;2;2;5;2;2;1;2;2;3;3;1;2;6;3;1;1959; ; ; ; ;"Joggen; Radfahren; Schwimmen; Wandern";D;89415;0
40;1;8;2;2;1;1;1;2;2;2;2;2;1;2; ; ;7;7;7;7;7;7;2;2;2;7;2;2;2;2; ; ;1;1;1;1;3;1;1;1;1;1;3; ; ;1;1;1;8;8;1;8;8;0; ; ;4;4;3;3;1;1;0;0;0;0;0;0;1;0; ;0;0;0;0;0;0;0;0;0;8;5;6;Gefühl aus dem Bauch;2;4;2;2;2;5;2;5;1;2;4;4;3;2;2;6; ; ;4;4;4;4;4;4;4;4;4;-99;eher keinen Aufschlag;3;6;2;2;2;4;4;4;5;3;4;2;7;3;4;3;2;1;4;3;2;1960; ; ; ; ;"Reisen; Kochen; Schwimmen; Wandern";D;89415;0
41;1;4;3;2;2;1;1;2;2;2;2;3;7;3; ; ;3;4;7;7;7;3;2;3;2;7;2;2;2;1; ; ;1;1;2;2;2;1;2;2;2;2;3; ; ;2;2;2;3;3;2;8;8;8; ; ;2;2;2;2;1;0;0;0;0;0;0;1;0;0; ;0;0;0;0;1;1;1;1;0;6;5;8;Meine Eltern führen einen Demeter-Hof;2;2;1;1;2;7;7;2;7;1;1;1;2;0;1;1; ; ;1;1;1;3;3;3;3;3;5;5; ;3;2;7;3;3;4;2;3;7;2;5;5;4;3;4;2;2;2;3;2;2;1966;12;20;8;7;"Sport; Sprachen";D;86356;0
42;1;10;2;2;1;1;2;3;1;1;3;2;3;2;1;entspannte Atmosphäre;2;3;4;4;5;2;1;2;1;7;1;2;3;1;1;entspannte Atmosphäre;1;3;5;5;7;1;3;3;3;4;4; ; ;3;2;2;2;8;3;8;8;3; ;Essen sollte frischer zubereitet werden und nicht über längere Zeit in Schalen warm gehalten werden. Mehr Qualität statt Quantität!;3;2;3;2;0;0;0;0;0;0;0;1;0;0; ;0;0;0;0;0;0;0;1;0;5;0;0;Nur dieses ist mir bekannt;1;3;1;2;5;6;6;4;3;1;7;1;3;2;1;4; ; ;6;2;2;5;1;4;7;7;5;5; ;7;4;4;3;2;4;3;3;0;3;3;2;3;2;4;2;3;1;2;4;1;1974; ; ; ; ; ;D;33605;6
43;1;2;3;4;2;1;1;1;2;2;2;2;2;2; ; ;5;5;7;6;5;4;1;1;1;5;1;1;3;3; ; ;1;1;3;2;3;2;4;4;1;1;3; ; ;1;2;2;3;1;0;8;8;2; ; ;2;2;5;2;1;0;0;0;0;0;0;0;0;0; ;0;0;0;0;1;0;0;1;0;8;0;0; ;1;3;1;1;2;4;4;2;3;1;1;1;2;1;1;5; ; ;1;1;1;3;2;1;5;6;3;-99; ;6;5;7;3;3;4;3;4;5;2;6;1;3;2;4;4;3;2;5;4;1;1967;10; ; ; ;Sport;D;74199;6
44;1;3;3;2;2;2;1;3;2;4;2;2;4;1; ; ;6;7;2;4;3;1;1;1;2;2;1;1;1;2; ; ;1;2;2;1;2;1;2;1;1;3;3; ; ;2;2;4;2;2;2;8;8;2; ;keine Ahnung;3;2;3;2;0;0;0;0;0;0;0;1;0;0; ;0;0;0;0;1;1;1;1;0;6;7;8;Bekanntheit;1;1;1;2;4;4;4;1;7;1;1;2;1;1;2;3;1;Bionahrung ist fair hergestellt / vermarktet;2;1;2;8;2;4;4;6;6;-99; ;7;3;6;3;1;7;2;7;8;3;3;1;2;3;3;2;2;1;2;2;2;1986; ; ; ; ;"Tanzen; Kochen; Essen; Theater; Film";D;10439;0
45;1;3;2;2;2;2;0;3;2;3;2;2;3;3; ; ;3;5;6;3;7;2;3;2;2;6;2;2;2;2; ; ;1;1;2;2;2;1;3;3;2;3;2; ; ;2;2;2;2;2;2;4;4;3; ; ;3;2;2;2;1;0;0;0;0;0;0;1;0;1; ;0;0;0;0;1;1;1;1;0;8;5;6; ;2;2;2;2;2;2;2;2;4;2;2;2;4;1;2;3; ; ;2;2;2;2;2;2;4;4;4;-99; ;2;4;5;5;4;3;3;4;2;2;2;3;3;3;5;3;2;2;5;3;2;1955;19;17; ; ;"Fitnessstudio; Tanzen; Kochen";D;95444;3
46;1;15;3;3;2;2;1;0;3;1;2;2;8;2; ; ;2;1;4;7;6;7;1;1;1;5;1;1;1;1; ; ;1;1;1;1;1;1;1;1;1;1;1; ; ;2;3;1;1;1;1;8;8;2; ;"Mittags: Tomatensaft; Morgens: Kefir, Buttermilch, Sauermilch";2;2;2;2;1;0;0;0;0;0;0;0;0;0; ;0;0;0;0;1;0;0;1;0;8;5;9;eigentlich nicht begründbar, wahrscheinlich am häufigsten gesehen;2;1;2;1;1;1;2;2;8;1;1;1;8;8;8;5; ; ;1;1;1;1;1;1;8;1;1;10; ;1;1;7;8;1;4;8;7;7;1;7;1;1;1;1;1;1;1;1;4;2;1960;15; ; ; ;"Musik; Lesen; Sport; Shoppen";D;71134;0
47;1;2;3;1;1;1;1;1;1;1;1;2;3;1; ; ;2;2;5;2;5;1;2;2;2;2;2;1;2;2; ; ;2;1;2;2;1;2;1;2;2;2;2; ; ;1;1;2;2;2;2;2;2;1; ;Nichts;2;2;2;2;1;0;0;0;0;0;0;1;0;1; ;0;0;0;0;1;1;0;1;0;6;5;8;bekannt aus Reformhaus und Bioläden;2;2;1;1;2;3;3;1;4;1;1;3;1;2;2;4; ; ;1;1;1;2;2;2;3;3;3;-99; ;3;2;4;2;2;5;3;2;5;3;4;2;1;2;5;2;2;1;2;2;2;1964;8; ; ; ; ;D;77815;4
48;1;1;3;3;2;1;1;2;2;3;2;4;8;2; ; ;6;4;8;8;7;5;4;1;1;4;1;1;1;1; ; ;1;1;1;1;3;2;1;1;4;1;6; ; ;2;3;4;4;5;2;8;8;8; ;Nicht Masse sondern Klasse (nicht erkennbar);1;1;1;1;1;0;0;0;0;0;0;1;0;1;Reisebüro;0;0;0;0;0;0;0;0;0;6;5;9;Weil Sie die strengsten Qualitätsanforderungen stellen Bio~=Bio!;2;3;1;1;4;8;8;3;8;1;4;1;1;1;1;4; ; ;1;1;1;1;1;2;5;1;1;5;"Wer ist schon bereit ""freiwillig"" mehr zu zahlen";6;2;7;7;2;7;2;2;7;2;4;3;4;8;8;4;2;4;6;4;1;1961;17;15; ; ;"Joggen; Radfahren";D;97980;6
49;1;15;3;2;2;2;2;2;2;1;2;2;3;2; ; ;3;3;5;5;2;1;1;1;1;2;1;1;1;1; ; ;1;1;1;1;2;1;1;1;2;1;2; ; ;1;2;2;2;1;1;2;2;2; ;"Salate; Gemüstesticks; Quark mit Obst";2;1;1;1;1;0;0;0;0;0;0;1;0;1; ;1;0;0;0;1;1;1;1;0;8;7;6;Gute Erfahrungswerte;1;1;1;1;1;1;1;1;1;1;1;1;1;1;1;1; ; ;1;1;1;1;1;1;3;1;2;0;Bio ist morgen Pflichtprogramm! und kein Extra;2;5;7;5;1;7;1;2;4;2;2;1;2;2;1;1;1;1;4;4;1;1965;10;8;3; ;ROBINSON (Sport, Erholung...Gutes Essen);D;90513;6
50;1;0;0;3;2;1;1;3;1;2;2;3;2;2; ; ;5;5;5;5;5;0;1;1;1;4;2;1;1;1;1;Sportangebote für Anfänger;0;1;1;1;1;2;1;1;8;1;5; ; ;0;4;3;4;4;1;8;8;3; ;Ich wünsche mir mehr Frische, keine Tetra Packungen u. weniger aufgewärmte Gerichte. Dann lieber das Angebot kleiner.;2;1;1;1;1;0;0;0;0;0;0;0;0;1; ;0;0;0;0;1;1;0;1;0;6;5;0;Kontrollierte Ware + Anbauweise;1;1;1;1;1;0;0;1;0;0;1;1;1;1;1;0; ; ;1;1;1;1;1;1;0;1;1;-99; ;4;1;0;5;1;7;1;1;7;1;1;1;7;3;0;1;1;2;4;2;2;1962;16;17; ; ;"Bewegung an der frischen Luft; Lesen; Ernährung; gesund Kochen";D;97980;6
51;1;25;2;3;2;2;2;1;1;2;1;2;4;2; ; ;1;1;2;3;2;3;1;1;1;1;1;1;2;2; ; ;1;1;1;2;2;1;1;1;1;2;2; ; ;2;2;2;2;3;2;8;8;2; ;"Hinweis auf Herkunft (regional?); Hinweis auf Bioprodukte,...";4;2;2;8;1;0;0;0;0;0;0;0;0;0; ;0;0;0;0;1;0;0;1;0;8;5;0; ;2;1;1;1;2;5;5;3;5;1;1;1;1;1;3;3; ; ;2;1;2;2;1;1;3;3;3;20; ;3;3;6;3;2;3;5;3;8;2;3;3;1;4;1;2;2;2;6;2;2;1967; ; ; ; ;"Tauchen; Fotografieren; Singen; Feng Shui";D;93105;6
52;1;4;2;1;1;1;1;1;1;2;1;4;5;4; ; ;3;4;4;7;7;7;5;2;4;7;1;4;4;3; ; ;2;2;3;4;7;5;5;7;3;3;3; ; ;2;2;2;3;4;2;8;8;2; ; ;4;3;4;2;0;0;0;0;0;0;0;1;0;0; ;0;0;0;0;1;0;0;1;0;8;5;0; ;4;4;2;2;2;5;5;3;2;2;2;5;3;2;1;6; ; ;7;3;3;4;2;7;7;7;7;0; ;4;7;2;1;5;5;6;6;4;4;3;6;2;2;2;2;5;5;7;4;2;1972;2;1;1; ; ;D;81825;6
53;1;2;2;2;3;3;2;2;2;2;1;8;3;2; ; ;6;6;1;1;0;2;0;2;2;7;2;2;4;3; ; ;1;1;3;5;5;3;6;2;2;3;3; ; ;1;1;3;5;5;2;6;6;2; ; ;4;2;2;2;0;0;0;0;0;0;0;0;0;1; ;0;0;0;0;1;1;0;1;0;8;6;5;EU-Siegel;4;4;2;2;4;4;4;2;1;1;3;4;2;2;2;5; ; ;7;1;1;3;1;1;5;6;3;4; ;7;6;6;2;3;3;6;6;5;3;3;4;6;3;3;4;4;2;6;4;1;0;2;1;1; ;Langstreckenlauf;D;81825;6
54;1;25;3;8;8;3;3;8;2;8;8;8;8;8; ; ;0;0;2;0;0;1;1;0;1;0;0;1;1;0; ; ;1;1;1;1;1;0;1;1;1;1;3; ; ;2;2;1;1;1;2;3;3;3; ; ;3;1;1;1;1;0;0;0;0;0;0;0;0;0; ;0;1;0;0;1;0;0;1;0;8;0;0; ;3;1;1;2;8;8;8;8;8;1;1;0;1;1;1;3; ; ;1;1;1;3;1;1;7;4;7;-99; ;7;2;2;7;3;4;7;4;3;1;4;1;8;1;1;1;1;1;8;4;2;0;36;20; ; ;Sport;D;40599;6
55;1;4;3;1;1;2;1;1;1;1;1;1;1;1; ; ;2;1;7;2;3;7;3;2;2;3;1;2;3;2; ; ;1;1;2;1;2;1;2;3;2;3;2; ; ;1;1;2;2;2;1;1;1;1; ;nichts;4;3;3;2;1;0;0;0;0;0;0;1;0;0; ;0;1;0;0;1;0;0;1;0;8;2;5; ;1;1;1;1;3;3;2;2;2;2;1;3;1;1;3;3; ; ;2;2;2;3;3;3;4;3;3;-99; ;3;3;2;2;3;3;8;7;1;2;2;1;4;2;5;2;2;3;0;2;2;1966;11; ; ; ;"Nordic Walking; Yoga; Freunde treffen; Reien; Fussball";D;91623;5
56;1;10;1;1;2;2;0;2;3;2;2;2;2;2; ; ;4;4;4;4;3;5;2;2;1;2;2;2;4;2; ; ;1;1;2;3;6;2;3;1;1;2;2; ; ;2;1;2;2;6;2;3;1;2; ; ;4;2;3;2;1;0;0;0;1;0;0;0;1;1; ;0;0;0;0;1;1;0;1;0;6;5;8; ;4;1;1;1;4;4;4;2;5;1;5;3;1;1;1;5; ; ;1;4;2;4;2;1;4;5;5;10; ;2;1;7;1;2;3;2;3;1;2;2;2;4;1;1;1;2;1;5;4;2;1961; ; ; ; ; ;D;10961;3
57;1;12;2;2;1;1;1;3;2;2;2;2;1;1; ; ;1;1;1;1;7;4;1;1;1;3;1;1;1;2; ; ;1;1;1;1;3;1;1;1;1;1;5; ; ;2;3;2;3;8;3;8;8;2; ; ;2;1;1;1;0;0;0;0;0;0;0;1;0;1;Reisebüro;0;0;0;0;1;1;0;1;0;8;5;6; ;1;2;1;1;2;2;2;1;3;1;2;1;1;1;1;3; ; ;2;1;1;3;1;1;3;3;3;-99; ;4;2;5;3;1;7;1;3;7;3;2;1;2;1;3;1;2;1;6;2;2;1971; ; ; ; ;"Reiten, Tennis; Wellfit; Tanzen";D;4157;5
58;1;7;2;3;2;2;2;2;2;2;2;2;4;2; ; ;3;2;6;3;2;6;2;2;2;3;3;2;2;2; ; ;1;1;1;1;2;2;2;2;1;2;5; ; ;2;2;2;2;2;2;2;2;2; ; ;2;2;2;2;1;0;0;0;0;0;0;1;1;0; ;1;0;0;0;1;0;0;1;0;8;5;1; ;3;2;2;2;2;2;2;2;3;2;2;2;3;2;2;2; ; ;2;2;2;2;2;3;5;3;3;-99; ;4;4;4;2;2;2;3;3;2;2;3;4;4;2;4;3;2;2;6;4;1;1967;9;6; ; ;"Golf; Tennis";D;97225;0
59;1;9;3;2;2;1;1;1;2;1;2;2;4;1; ; ;3;2;3;6;0;3;3;1;2;3;1;1;1;1; ; ;1;1;1;1;1;2;2;1;2;2;2; ; ;1;1;1;2;1;2;8;8;1; ;Keine Wünsche;3;2;3;2;1;0;0;0;0;0;0;1;0;0; ;0;0;0;0;1;1;0;1;0;5;8;6; ;2;2;2;2;5;5;0;4;3;1;3;3;4;2;1;3; ; ;1;1;1;3;2;1;5;4;3;-99; ;6;5;3;2;3;5;5;3;4;4;6;2;3;3;4;3;3;3;2;3;1;1964;14;9; ; ;Biken;D;76;4
60;1;6;3;0;1;1;1;3;4;3;2;2;8;8; ; ;2;2;4;4;4;4;2;1;1;4;1;1;3;1; ; ;1;1;3;4;4;1;2;1;2;8;0; ; ;3;2;0;3;3;3;4;4;2; ; ;2;1;3;1;0;0;0;0;0;0;0;1;0;1; ;0;0;0;0;1;1;0;1;0;0;0;0; ;3;3;1;1;4;4;4;4;2;2;1;4;4;1;2;3; ; ;2;1;1;1;1;4;4;4;4;-99; ;4;3;5;5;3;6;3;1;6;4;2;2;4;4;4;2;2;1;0;4;2;1963;4;2; ; ; ;D;65719;0
61;1;5;1;2;1;1;1;1;2;2;1;2;2;1; ; ;4;4;3;1;5;5;1;1;1;2;1;2;3;2; ; ;1;1;3;3;2;2;1;2;1;1;2; ; ;1;1;1;2;8;1;8;8;1; ; ;4;3;3;3;0;0;0;0;0;0;0;0;0;1; ;0;0;0;0;0;0;1;1;0;8;7;0; ;2;1;1;1;3;3;7;3;4;1;2;3;1;1;1;3; ; ;2;1;2;2;2;2;7;7;2;-99; ;5;6;3;2;3;3;5;5;4;1;2;1;4;2;3;2;2;2;5;4;2;1971; ; ; ; ;"Sport; Kultur";A;1170;3
62;1;5;1;1;1;1;8;1;1;1;1;1;2;1; ; ;4;4;1;1;7;3;1;1;1;1;1;1;3;2; ; ;1;1;1;1;2;1;1;1;1;1;1; ; ;1;1;1;1;8;1;8;8;1; ; ;4;2;3;8;0;0;0;0;0;0;0;0;0;1; ;0;0;0;0;0;1;0;1;0;6;8;0; ;8;1;1;1;7;1;7;1;3;1;1;1;1;1;1;7; ; ;1;1;1;2;1;4;7;7;7;-99; ;7;6;6;1;8;1;8;4;8;1;1;1;4;1;4;1;1;1;7;4;2;1974; ; ; ; ;"Laufen; Tauchen; Biken; Wandern";A;3300;4
63;1;7;2;1;2;2;2;1;2;2;1;2;3;2; ; ;3;3;6;5;5;2;1;1;2;4;2;2;2;2; ; ;1;1;2;2;2;2;2;5;2;4;3; ; ;1;2;2;2;2;1;8;8;2; ;Gutes Mischbrot;4;4;4;4;1;0;0;0;0;0;0;1;0;0; ;0;0;0;0;1;1;0;0;1;5;8;0;Nichts schlechtes gehört;4;4;2;3;4;4;4;4;3;2;4;4;2;1;2;5; ; ;4;2;2;6;3;2;6;6;6;0; ;6;5;6;2;2;5;4;3;2;2;5;3;4;3;4;3;2;2;5;4;1;1946;32;30; ; ;"Sport; Lesen; Reisen";D;86168;6
64;1;13;3;0;2;1;2;2;2;2;2;1;1;1; ; ;2;2;3;3;3;2;2;2;2;2;2;1;2;2; ; ;2;2;1;1;1;1;1;1;1;2;2; ; ;2;2;2;8;8;2;8;8;2; ; ;3;2;2;2;1;0;0;0;0;0;0;1;0;0; ;0;0;0;0;1;1;0;1;0;8;5;6;Sind als Marke bekannt;2;2;1;1;2;3;3;2;2;1;1;1;1;1;2;2; ; ;2;2;2;2;2;2;3;2;3;-99; ;3;2;7;2;2;6;2;2;6;3;2;2;2;2;3;3;2;2;3;3;1;1966;4; ; ; ; ;D;94152;0
65;1;13;3;3;1;1;1;3;3;2;3;4;6;4; ; ;3;2;7;6;4;2;1;1;1;5;1;2;2;4; ; ;2;1;3;2;1;2;3;4;2;3;3; ; ;2;2;4;3;3;2;3;4;2; ;"mehr ellfit-Angebote; Kennzeichnung von Bio-Kost; mehr Vollkorn Produkte";2;1;2;2;1;0;0;0;0;0;0;1;0;1; ;0;0;0;0;1;0;0;1;0;8;5;7;"geprüfte Qualität; gute selbstgetestete Qualität";2;2;2;2;3;4;4;3;4;2;2;3;3;5;3;3; ; ;2;1;1;3;2;3;4;4;4;0; ;7;6;7;3;3;3;2;4;4;3;4;2;5;2;2;3;3;1;7;2;2;1972;4; ; ; ; ;D;94152;0
66;1;11;3;3;2;1;1;2;2;3;2;2;8;2; ; ;3;3;6;5;1;6;1;3;1;3;2;2;3;3; ; ;1;1;3;2;3;1;3;1;1;2;2; ; ;2;1;2;2;3;2;8;8;2; ;Mehr Snacks zwischendurch;3;3;2;2;1;0;0;0;0;0;0;1;0;0; ;0;1;0;0;1;0;0;1;0;8;5;2; ;3;1;1;1;2;3;3;2;7;1;1;2;1;1;1;3; ; ;3;2;1;3;1;2;3;2;2;0; ;3;7;2;2;3;3;2;5;1;1;2;3;5;2;3;2;2;2;7;4;1;1967;10;9;1; ;"Radfahren; Berg; Skifahren";D;83416;0
67;1;9;1;2;1;3;2;4;2;5;3;2;6;4; ; ;6;6;6;4;7;7;5;4;1;7;3;6;7;4; ; ;2;2;4;6;6;2;6;1;2;6;6; ; ;2;2;3;4;3;2;8;8;3; ; ;4;3;6;6;0;0;0;0;0;0;0;1;0;0; ;0;0;0;0;1;1;0;1;0;8;6;5;Wei ich sie kenne;2;4;1;1;4;7;7;7;5;1;1;4;1;1;6;4; ; ;7;4;4;4;1;1;4;7;7;1; ;7;5;7;2;5;2;7;7;6;4;4;4;2;2;3;4;3;2;7;4;1;1959; ; ; ; ; ; ;0;0
68;1;6;3;1;1;1;1;1;1;1;1;1;1;1; ; ;2;2;2;2;3;3;0;1;1;3;1;1;1;1; ; ;1;1;1;1;1;1;1;1;1;1;1; ; ;1;1;1;1;1;1;1;1;1; ; ;3;2;1;1;1;0;0;0;0;0;0;0;0;0; ;0;1;0;0;1;0;0;1;0;8;5;2; ;2;2;1;2;3;3;3;1;6;3;1;1;1;1;1;1; ; ;1;1;1;1;1;1;3;2;1;10; ;2;2;2;1;2;1;2;3;5;2;1;2;7;3;2;2;2;2;2;4;1;1966;19;12; ; ; ;D;69126;6
69;1;4;2;3;1;1;2;2;2;1;1;3;8;1; ; ;2;2;3;2;5;1;1;1;1;6;1;1;1;2; ; ;1;1;1;1;1;1;1;1;1;2;1; ; ;2;2;2;2;1;1;8;8;2; ;Beschriftung der Speisen, man wois gern was man isst, vor allem Speisen die man noch nie gegessen hat.;2;1;2;2;1;0;0;0;0;0;0;1;0;0; ;0;0;0;0;1;1;0;1;0;6;5;8;Bauchgefühl;1;1;1;1;1;2;2;1;1;1;1;1;1;1;1;3; ; ;1;1;1;1;1;2;4;2;2;-99; ;2;3;7;3;1;4;2;3;4;3;2;1;6;4;4;5;2;4;7;3;1;1968; ; ; ; ;"Tanzen; PC; E-Sport";D;76571;5
70;1;10;3;3;1;1;1;1;1;1;1;3;3;1; ; ;4;3;5;3;3;3;1;1;1;2;1;1;1;3; ; ;1;1;2;2;1;1;2;2;1;1;1; ; ;1;1;1;1;2;1;2;2;1; ; ;2;1;2;1;1;0;0;0;0;0;0;0;0;0; ;0;0;0;0;1;1;1;1;0;5;6;7; ;2;3;1;1;3;3;2;1;1;1;3;3;1;1;1;3; ; ;3;1;1;3;1;5;5;5;5;0; ;3;5;7;1;1;5;1;1;1;1;3;1;5;1;3;1;3;1;7;4;1;1965;8;5; ; ; ;D;82223;6
71;1;4;2;3;1;1;2;2;2;2;2;2;8;2; ; ;4;2;5;5;3;3;1;1;1;7;2;2;2;2; ; ;1;1;2;2;2;2;2;2;2;2;2; ; ;2;2;3;8;8;2;8;8;2; ;Beschriftung der Speisen nur teilweise vorhanden;3;2;2;2;1;0;0;0;0;0;0;0;0;0; ;0;0;0;0;1;1;0;1;0;6;5;8;Bauchgefühl;1;1;1;1;2;5;5;5;5;1;1;2;1;1;1;2; ; ;2;1;1;1;1;2;3;1;2;-99; ;2;3;7;2;2;4;2;2;4;1;5;1;5;2;3;1;1;1;4;4;2;1979; ; ; ; ;"Tanzen; Fitnessstudio; Wandern; Urlaub";D;76571;5
72;1;0;0;3;2;1;1;3;1;8;2;3;8;2; ; ;3;2;4;3;4;7;3;2;1;3;1;1;1;2; ; ;1;1;1;1;1;1;1;1;1;1;2; ; ;2;1;1;2;4;2;8;8;1; ;eigentlich nichts;2;1;1;1;1;0;0;0;0;0;0;1;0;1; ;0;0;0;0;1;1;1;1;0;6;7;5;Am wenigsten EU Siegel;4;4;1;1;1;1;2;2;3;1;4;2;2;2;2;3; ; ;1;1;1;3;2;2;3;3;2;10; ;7;1;7;1;1;7;3;1;7;1;1;1;1;1;1;1;1;1;1;3;1;1962;8; ; ; ;"Joggen; Tennis; Meditation";D;90;0
73;1;7;3;2;2;1;1;3;3;3;2;2;4;3; ; ;3;2;4;4;5;6;3;3;2;4;2;2;2;3; ; ;2;2;2;2;2;1;2;1;2;3;3; ; ;2;2;3;2;2;2;8;8;3; ; ;2;2;2;2;1;0;0;0;0;0;0;1;0;0; ;0;0;0;0;1;1;0;1;0;6;5;7;Demeter und Bioland erfüllen strengere Kriterien verglichen zu EG - Bio;2;3;2;2;4;4;4;2;4;4;1;2;1;1;2;4; ; ;2;1;2;2;2;3;4;4;4;5; ;4;3;6;6;4;6;3;4;7;2;4;4;7;4;4;3;3;3;7;4;1;1970;15; ; ; ;"Laufen; Lesen";D;72639;0
74;1;5;2;2;2;1;2;1;1;2;2;2;3;1; ; ;2;2;4;4;4;4;3;2;2;4;1;2;2;2; ; ;2;1;3;3;4;2;3;3;2;2;3; ; ;1;1;2;2;3;2;3;3;2; ;-;2;2;2;2;1;0;0;0;0;0;0;0;0;0; ;0;0;0;0;1;1;0;1;0;6;5;8;aufgrund der Bekanntheit in den Medien;2;2;2;2;3;2;2;3;3;3;3;2;3;3;2;2; ; ;2;1;2;2;2;3;4;3;3;-99; ;2;4;3;2;2;3;3;4;4;3;2;3;2;4;3;3;3;3;3;1;1;0;8;5; ; ;Gitarre spielen;D;75365;6
75;1;1;2;2;3;3;8;2;2;3;2;2;2;2; ; ;2;2;1;2;7;3;1;1;1;4;1;1;3;1; ; ;1;1;2;2;4;4;2;2;1;2;2; ; ;1;2;1;2;8;1;8;8;8; ; ;3;2;2;1;0;0;0;0;0;0;0;0;0;1; ;0;0;0;0;1;0;0;1;0;5;8;0; ;1;1;2;2;3;2;3;3;5;3;7;1;4;1;1;1; ; ;2;1;1;2;2;3;7;7;7;-99; ;5;5;3;2;2;3;4;4;3;2;1;1;5;2;3;2;3;1;4;4;1;1975; ; ; ; ;"Mountainbiken; Squash; Joggen";D;83026;6
76;1;6;3;2;2;3;1;1;1;2;1;2;3;2; ; ;3;3;6;5;5;5;2;2;3;7;1;1;1;2; ; ;1;1;2;2;2;1;1;2;1;3;4; ; ;2;2;2;2;8;1;8;8;1; ;"Elemente des Spezialitätenrestaurants in das ""allgemeine"" Buffet integrieren, wenn weniger Gäste anwesend sind (Vorbild ""Schweizerhof"")";3;2;2;2;1;0;0;0;0;0;0;1;1;0; ;1;0;0;0;1;1;0;1;0;6;1;5;"Platz 1: Überzeugung / Rest: biologischer Einfluss grndsätzlich positiv, auch beeinflusst duch Wertung // Ich vermisse ""Neuland"" als Fleischerzeuger";2;3;2;1;2;7;7;6;5;1;3;2;1;1;2;3; ; ;1;1;2;3;1;1;4;4;3;5; ;4;2;7;2;2;6;3;3;6;3;4;2;4;4;2;3;2;3;6;4;1;1957;16; ; ; ;"Jogging; Modellbau; Musik hören";D;68259;5
77;1;1;1;5;3;2;8;2;2;3;2;2;3;2; ; ;2;2;2;3;8;2;2;2;2;8;2;2;2;4; ; ;1;2;3;2;4;1;3;1;1;2;4; ; ;2;2;2;8;8;2;8;8;8; ; ;2;2;2;1;0;0;0;0;0;0;0;0;0;1; ;0;0;0;0;0;0;0;1;0;8;0;0;Kenn ich;2;2;2;2;3;3;3;2;3;2;4;2;4;1;2;3; ; ;2;1;1;4;2;3;4;4;4;0; ;5;5;3;2;4;4;3;3;3;3;2;1;2;2;1;1;3;1;5;3;1;1975;12; ; ; ;"Motorrad fahren; Tanzen";D;83395;6
78;1;1;2;2;2;2;2;1;1;4;2;2;2;2; ; ;2;3;2;2;2;2;2;2;3;2;2;2;2;2; ; ;2;2;1;2;2;2;2;2;3;2;3; ; ;3;3;2;2;2;2;2;2;2; ; ;2;2;1;1;0;0;0;0;1;0;0;0;0;0; ;0;0;1;0;1;1;0;1;0;8;6;5; ;1;1;1;1;1;1;1;1;1;1;1;1;1;1;1;1; ; ;1;1;1;1;1;1;1;1;1;50; ;6;3;7;7;1;7;1;1;7;1;1;2;7;3;4;1;3;1;4;3;1;1975; ; ; ; ; ;D;83071;0
79;1;2;0;1;1;1;1;1;1;3;1;1;8;1; ; ;2;2;2;7;7;7;2;1;1;4;1;1;2;3; ; ;1;1;2;2;2;1;1;1;1;3;3; ; ;1;1;1;1;2;1;8;8;1; ;Nichts;3;2;2;1;1;0;0;0;0;0;0;1;1;1;Reisebüro;0;0;0;0;1;1;0;1;0;6;5;8;Bauchgefühl;1;2;1;1;2;8;8;1;3;1;1;1;1;1;1;3; ; ;2;1;1;4;1;1;7;4;4;-99; ;2;8;7;2;4;4;1;4;7;3;2;1;2;3;2;2;2;1;1;3;2;1967; ; ; ; ;Reiten;D;69514;0
80;1;3;3;2;1;2;1;1;2;1;1;2;7;2; ; ;2;3;3;3;5;3;1;1;1;4;2;2;2;1; ; ;1;1;1;2;1;2;1;1;1;1;4; ; ;2;2;2;2;2;2;2;8;0; ;Das Kinderbuffet bzw. das angebotene Essen ist lieblos, wenig einfallsreich und gesund ist es schon gar nicht!;2;1;3;1;1;0;0;0;0;0;0;0;0;0; ;0;0;0;1;1;0;1;1;1;0;0;0; ;0;1;1;1;4;3;3;2;4;3;2;2;1;1;1;2; ; ;2;1;1;1;1;4;4;4;2;-99; ;0;7;7;6;5;4;3;7;7;3;3;2;4;3;2;2;2;2;7;2;0;1974;5;3; ; ; ; ;0;6
81;1;1;2;2;2;2;2;2;2;3;2;2;2;2; ; ;3;2;2;3;6;1;1;1;1;5;1;1;1;3; ; ;1;1;1;2;2;1;1;1;1;2;2; ; ;2;2;2;8;8;2;8;8;8; ; ;2;2;3;2;0;0;0;0;0;0;0;0;0;1; ;0;0;0;0;1;0;0;1;0;8;0;0; ;3;3;2;2;5;5;5;5;3;2;6;4;2;2;2;2; ; ;2;2;2;8;8;3;6;5;5;-99; ;3;3;3;3;4;2;3;5;5;4;2;2;5;2;4;2;2;2;6;2;2;1985; ; ; ; ; ;D;83233;0
82;1;3;3;2;1;1;1;2;1;1;1;1;2;2; ; ;2;1;4;0;3;1;1;1;2;2;1;1;1;1; ; ;1;1;1;1;1;1;1;1;1;2;1; ; ;1;2;2;2;2;2;8;8;2; ; ;2;1;1;1;1;0;0;0;0;0;0;1;0;0; ;0;0;0;0;1;1;0;1;0;8;6;5;andere nicht bewusst wahrgenommen;2;2;1;1;2;1;1;1;2;2;2;1;1;1;1;1; ; ;1;1;1;2;1;1;3;2;2;-99; ;4;8;6;2;3;2;2;4;3;3;3;0;2;1;2;2;1;1;5;2;1;1965;8;5;3; ;PC - Spiele;D;76547;6
83;1;3;3;2;1;2;1;2;2;1;1;1;1;2; ; ;3;2;4;5;2;1;1;1;1;1;2;1;1;1; ; ;1;1;1;1;1;1;1;1;1;1;1; ; ;1;1;3;2;3;2;2;0;3; ; ;2;1;1;1;1;0;0;0;0;0;0;0;0;0; ;0;0;0;0;1;1;0;1;0;8;6;5;weil geprüfte Qualität;1;1;1;1;2;6;6;1;2;1;1;1;1;1;1;0; ; ;3;1;1;2;3;4;1;1;2;10; ;3;2;7;2;1;5;2;2;7;1;7;1;1;1;1;1;1;1;7;4;2;1975;8;5;3; ;Sport;D;76547;6
84;1;6;3;2;2;2;2;2;2;4;3;3;4;3; ; ;2;1;6;4;6;6;3;1;2;6;1;1;1;2; ; ;1;1;1;1;1;2;2;1;2;2;2; ; ;2;2;2;2;3;2;2;8;2; ; ;3;2;3;2;1;0;0;0;0;0;0;0;0;0; ;0;0;0;0;1;1;0;1;0;6;5;8;kaufe die Produkte, war zufrieden;2;3;1;1;3;8;8;2;8;2;8;2;2;1;3;3; ; ;2;1;1;3;1;2;5;3;6;-99; ;6;3;1;2;2;6;1;2;6;2;3;2;6;8;5;3;2;2;5;3;2;1954;17; ; ; ;"Sport; Lesen; Musik hören";D;68;0
85;1;20;3;2;2;2;2;2;2;2;2;2;2;2; ; ;0;3;3;2;3;8;2;2;2;3;2;2;2;2; ; ;2;2;2;2;2;2;8;8;2;8;0; ; ;1;1;1;2;8;2;8;8;2; ;-;3;2;2;2;1;0;0;0;0;0;0;1;0;0; ;0;0;0;0;1;1;1;1;0;6;5;8;demeter nur in Reform-od. sonst. spez. Läden angeboten;2;2;2;2;2;5;5;5;5;2;2;2;8;8;2;4; ; ;2;1;1;2;1;2;6;2;2;-99; ;4;4;2;2;3;3;3;3;6;3;2;1;2;2;3;3;3;2;5;2;2;0;24;21; ; ;"Tennis; Wandern; Kochen";D;85283;0
86;1;15;2;2;2;1;8;2;2;2;2;2;3;1; ; ;2;3;1;2;4;1;2;1;1;3;1;2;3;3; ; ;1;1;2;2;2;1;2;1;1;2;1; ; ;2;2;3;3;8;2;8;8;2; ;Die genauen Bezeichnungen der Herkunft. Auch Hinweise als Bio od. nicht Bio;2;2;3;3;1;0;0;0;0;0;0;0;0;1; ;0;0;0;0;1;1;0;1;0;5;8;9;Weil sie mich ansprechen und durch die Form- u. Farbgebung Vertrauen bei mir wecken Bio zu kaufen;1;1;1;1;2;3;3;2;1;1;1;2;8;1;1;3; ; ;3;1;1;3;2;3;4;4;4;0; ;3;4;6;2;3;5;3;6;3;1;3;2;2;1;1;2;2;1;4;2;2;1983; ; ; ; ;"Tennis; Laufen; Ski fahren";D;44225;0
87;1;1;3;8;2;2;3;8;8;2;2;8;4;4;2;"""Club""";2;5;4;2;5;1;1;1;1;7;3;3;4;3; ; ;1;2;4;4;4;1;7;3;1;2;3; ; ;3;3;2;3;8;2;8;8;2; ;nix an Nahrung, eher Informationen zu in 6. gestellten Fragen, also: Schilder: Fleisch aus Xy, ohne Gentechnik, etc.;5;1;6;4;0;0;0;0;0;0;0;0;0;1; ;0;0;0;0;1;0;0;1;0;8;5;0;häufig gesehen, aber beruht nicht auf Hintergrundwissen über das Siegel!;4;1;2;2;3;4;4;3;5;2;1;4;2;2;2;2; ; ;3;2;2;2;4;4;6;5;4;3,2; ;4;4;4;4;6;6;7;5;5;3;2;2;4;2;5;2;4;2;7;2;1;1981; ; ; ; ;Reisen;D;32139;0
88;1;1;0;1;1;0;1;1;1;1;1;1;1;1; ; ;0;1;1;3;4;4;3;1;1;1;1;1;1;5; ; ;1;1;1;4;3;1;1;1;1;1;1; ; ;1;1;1;1;1;1;1;1;1; ; ;2;0;0;0;0;0;0;0;0;0;0;0;0;0; ; ; ; ; ; ; ; ; ; ; ; ; ; ; ; ; ; ; ; ; ; ; ; ; ; ; ; ; ; ; ; ; ; ; ; ; ; ; ; ; ; ; ; ; ; ; ; ; ; ; ; ; ; ; ; ; ; ; ; ; ; ; ; ;0; ; ; ; ; ; ; ; 
89;1;2;3;2;2;2;1;1;1;3;2;2;8;2; ; ;3;3;3;2;5;3;5;4;3;3;2;2;3;3; ; ;1;1;2;3;3;2;8;2;2;2;2; ; ;1;1;1;8;8;0;8;8;8; ; ;4;4;8;2;1;0;0;0;0;0;0;0;0;0; ;0;0;0;0;1;0;0;0;0;0;0;0; ;8;8;8;8;8;8;8;8;8;8;8;8;8;8;8;8; ; ;8;8;8;8;8;8;8;8;8;0; ;7;7;2;2;2;8;8;2;8;2;0;2;0;0;0;2;0;2;0;4;1;0;10;8;6;3;Oldtimer;D;69198;0
90;1;2;3;2;2;2;2;2;2;3;2;2;8;2; ; ;3;3;2;2;3;1;1;1;1;3;1;1;1;1; ; ;1;1;1;1;1;1;1;1;1;1;3; ; ;2;2;2;2;3;2;8;8;2; ; ;3;2;3;2;1;0;0;0;0;0;0;0;0;0; ;0;0;0;0;1;1;0;1;0;0;0;0; ;3;3;1;2;2;3;3;2;1;1;2;3;2;8;2;3; ; ;2;2;2;3;2;2;3;3;3;-99; ;8;3;0;2;2;3;3;2;8;2;2;2;0;2;0;2;3;2;0;4;2;1968;10;8;6;3; ;D;69198;0
91;1;2;2;2;1;2;8;2;2;2;2;2;8;2; ; ;3;3;3;6;5;2;2;2;1;6;3;3;3;3; ; ;2;3;3;3;3;3;2;1;2;5;3; ; ;2;2;3;3;4;2;8;8;3; ;Kennzeichnung: Vegetarisch, Biologisch;2;2;3;2;1;0;0;0;0;0;0;0;0;0; ;0;0;0;0;1;1;0;1;0;5;6;8;persönliche Erfahrung mit guter Qualität;3;3;1;1;3;3;5;3;8;1;2;3;2;1;3;2; ; ;3;2;2;8;8;3;6;3;3;40; ;5;2;6;5;3;5;3;5;6;1;3;3;5;2;2;2;2;2;3;4;1;1968; ; ; ; ;"Radfahren; Wandern";D;72622;4
92;1;2;3;1;1;1;1;1;1;2;1;1;8;1; ; ;7;7;7;7;7;7;2;2;1;7;1;1;1;1; ; ;1;1;1;1;1;1;1;1;1;1;1; ; ;1;1;1;1;1;1;8;8;1; ; ;2;1;1;1;1;0;0;0;0;0;0;0;0;0; ;0;0;0;0;1;1;0;1;0;6;8;5; ;1;1;1;1;1;1;1;1;1;1;1;1;1;1;1;1; ; ;1;1;1;1;1;1;1;1;1;-99; ;1;1;7;4;1;7;1;1;7;1;2;1;4;1;3;1;1;2;2;4;2;1960;12; ; ; ;"Joggen; Lesen; Theater";L;2510;6
93;1;4;3;0;1;1;2;2;2;3;2;2;3;2; ; ;3;3;3;3;7;3;2;2;1;3;1;2;3;2; ; ;1;1;2;2;2;1;2;4;1;2;3; ; ;2;2;1;2;2;2;8;8;2; ; ;2;2;2;2;1;0;0;0;0;0;0;0;0;0; ;0;0;0;0;1;1;0;1;0;6;8;5; ;3;3;2;2;3;3;3;3;3;1;2;4;1;1;2;5; ; ;3;2;2;2;2;3;5;3;6;5; ;2;3;5;3;2;4;5;4;4;2;4;1;3;2;3;2;3;2;5;4;1;0;2; ; ; ;"Wandern; Tennis; Lesen";D;82126;4
94;1;8;3;2;2;1;1;2;1;2;1;2;3;3; ; ;3;3;3;3;3;1;1;1;1;2;1;2;3;3; ; ;1;1;2;2;2;2;2;3;1;1;1; ; ;2;2;2;2;1;1;1;2;1; ;Nichts;4;3;3;2;1;0;0;0;0;0;0;0;0;0; ;0;0;0;0;1;0;0;0;0;0;0;0; ;3;0;1;1;1;2;2;2;2;2;1;1;1;2;2;1; ; ;2;2;2;2;2;2;2;2;0;5; ;2;3;2;1;2;2;3;3;3;2;2;2;4;3;4;2;2;2;2;3;1;1976;6; ; ; ;Tennis;D;71157;6
95;1;1;3;3;2;2;1;2;2;2;2;0;0;2; ; ;4;4;4;3;4;3;1;2;1;5;2;1;2;2; ; ;1;1;1;2;1;1;2;1;1;2;3; ; ;2;8;4;8;8;3;8;8;4; ; ;2;2;1;1;0;0;0;0;0;0;0;0;0;1; ;0;0;0;0;1;0;0;1;0;8;5;0; ;1;2;2;2;4;1;4;2;3;2;1;2;1;1;1;3; ; ;2;1;1;1;1;2;4;3;4;-99; ;3;3;2;3;2;5;3;4;5;2;4;2;6;4;5;2;3;3;6;4;1;1977;1; ; ; ;Sport;D;65779;0
96;1;1;2;3;1;1;1;2;2;3;2;2;4;2; ; ;4;4;4;4;4;7;2;2;1;7;2;1;1;1; ; ;1;1;3;1;2;2;1;1;2;2;2; ; ;2;2;2;2;2;2;8;8;2; ; ;3;2;2;1;0;0;0;0;0;0;0;1;1;0; ;0;0;0;0;1;1;1;1;0;8;6;7; ;0;0;1;1;1;2;2;1;3;1;1;2;1;1;1;2; ; ;1;1;1;1;1;3;5;5;5;-99; ;7;3;7;3;2;7;2;8;6;3;2;4;7;4;7;1;3;2;5;2;2;1963;18;15; ; ; ;D;81377;6
97;1;1;2;3;2;2;1;1;2;2;2;2;2;2; ; ;5;5;4;5;6;6;6;4;6;6;3;3;5;2;2;Ruhe / Entspannung;2;2;3;3;5;2;3;4;2;4;2; ; ;1;2;3;2;8;2;8;8;1; ; ;4;4;4;4;1;0;0;0;0;0;0;0;1;1; ;0;0;0;0;0;0;0;1;0;0;0;0;kenne keine Weiteren!;3;3;2;2;4;5;3;4;2;2;5;5;2;2;2;6; ; ;2;3;4;4;4;3;5;5;5;-99; ;4;6;4;2;2;3;6;5;2;1;1;2;7;3;6;3;3;3;5;4;1;1959;18;15; ; ;"Skifahren; Tennis; Reisen; Biergarteln";D;81377;6
98;1;1;2;2;2;2;1;1;1;2;2;2;2;2; ; ;3;2;2;2;3;3;1;1;2;3;1;1;2;1; ; ;1;1;1;1;1;1;1;1;1;1;1; ; ;2;1;8;8;8;2;8;8;2; ; ;2;2;1;1;1;0;0;0;0;0;0;0;0;0; ;0;0;0;0;0;0;0;1;0;0;0;0; ;2;1;1;1;2;2;2;0;2;2;2;2;2;1;1;2; ; ;2;1;1;1;1;2;2;3;3;-99; ;3;3;3;2;3;2;1;2;2;2;3;1;3;1;3;2;2;1;1;3;2;1956;25;22;3; ;"Skifahren; Langlaufen; Wandern; Tanzen; Radfahren; Relaxen; Schwimmen";A;2410;5
99;1;1;2;3;2;1;2;2;1;2;2;2;2;2; ; ;3;3;4;2;8;2;2;2;2;5;2;2;2;2; ; ;2;2;1;2;5;2;3;4;1;3;1; ; ;2;2;2;8;8;2;8;8;8; ; ;4;3;4;2;1;0;0;0;0;0;0;0;0;0; ;0;0;0;0;0;0;0;0;0;0;0;0; ;2;2;1;1;4;4;4;4;4;1;4;2;3;1;4;4; ; ;3;2;2;2;2;4;4;4;8;-99; ;2;4;3;1;3;2;3;4;2;2;4;2;2;4;3;3;2;2;4;1;1;1955;30;28; ; ;"Schwimmen; Radfahren; Skifahren; Motorradfahren; Paragleiten; Wandern; Paddeln; Motorboot; Wasserski";A;2410;4
100;1;9;3;2;2;1;1;1;1;1;1;1;8;1; ; ;2;2;5;8;3;7;1;1;2;4;1;1;1;1; ; ;1;1;1;1;1;1;1;1;1;1;2; ; ;1;1;1;1;2;1;2;1;1; ;Nichts;3;2;3;3;1;0;0;0;0;0;0;0;0;0; ;0;0;0;0;1;1;1;1;0;6;5;8;Weil sie am bekanntesten sind;1;1;1;1;2;4;4;2;7;0;0;0;0;0;0;0; ; ;2;1;1;2;2;2;3;3;3;-99; ;3;2;7;1;2;6;2;8;6;1;2;2;2;1;1;1;1;2;4;1;2;1967;14;9; ; ;"Sport; Lesen";D;76476;5
101;1;2;2;0;1;1;1;2;1;2;2;1;3;1; ; ;3;2;6;5;4;7;1;1;1;6;2;1;1;1; ; ;1;1;1;1;1;1;1;1;1;1;1; ; ;1;0;1;2;2;1;0;0;2; ;"Mehr Auswahl an vegetarischem Essen; Mehr Klarheit in welchem Essen was drin steckt";2;1;2;2;1;0;0;0;0;0;0;0;0;0; ;1;0;0;0;1;1;0;1;0;6;5;8;darüber wird in Fachzeitschriften (Reformkurier...) oft berichtet;1;1;1;1;1;1;1;1;3;1;1;1;1;1;1;1; ; ;2;1;1;8;8;1;3;1;3;1,5; ;2;3;2;3;1;2;2;3;5;1;2;2;4;3;3;2;1;2;3;3;2;1974; ; ; ; ;"Mountainbike; Lesen; Garten";D;72555;4
102;1;18;3;2;2;2;2;2;3;3;3;3;4;2; ; ;3;3;3;3;4;4;3;3;3;4;2;2;3;3; ; ;3;2;3;3;5;2;4;4;3;2;2; ; ;2;2;3;3;5;2;8;8;3; ; ;5;4;5;4;1;0;0;0;0;0;0;0;0;0; ;0;1;0;0;1;1;0;1;0;5;6;8; ;3;2;2;3;2;3;3;3;5;3;6;2;3;3;3;2; ; ;2;2;2;2;2;2;2;2;2;-99; ;4;4;3;4;3;4;4;4;3;3;2;2;4;2;5;2;3;2;6;2;1;1966;14; ; ; ;"Wandern; Biken; Tennis";D;77656;5
103;1;9;2;2;1;1;1;1;1;1;1;1;0;1; ; ;6;3;3;2;0;3;1;7;3;3;2;2;2;2; ; ;1;1;3;3;5;2;3;3;1;3;2; ; ;1;2;2;2;2;2;8;8;2; ; ;4;2;3;2;1;0;0;0;0;0;0;1;0;1; ;0;0;0;0;1;1;0;1;0;6;8;0; ;2;3;1;1;3;0;2;2;1;1;2;3;1;1;1;4; ; ;3;2;2;3;2;4;7;3;6;-99; ;3;0;6;2;2;3;3;5;0;3;6;3;2;2;2;2;3;2;6;4;2;1962; ; ; ; ; ;D;30161;6
104;1;8;2;1;2;3;2;1;1;2;1;3;8;2; ; ;2;2;3;4;7;7;5;6;2;6;1;3;4;1; ; ;1;3;3;4;3;1;4;5;2;2;3; ; ;2;1;3;8;3;1;8;8;1; ; ;4;4;4;8;1;0;0;0;0;0;0;0;0;1; ;0;0;0;0;1;0;0;1;0;8;5;0;weil sie mir bekannt sind;3;1;2;3;6;8;8;2;6;3;2;3;2;2;2;3; ; ;1;2;3;4;2;3;5;5;5;15; ;3;4;3;1;3;4;8;3;4;2;3;3;3;8;6;5;4;3;8;4;1;1962; ; ; ; ; ;D;30161;6
105;1;2;3;1;2;2;1;1;1;1;1;1;1;1; ; ;1;1;2;2;2;2;2;1;1;2;1;1;1;1; ; ;1;1;1;1;1;1;1;1;1;1;1; ; ;1;1;1;1;1;1;1;1;1; ; ;3;2;2;2;1;0;0;0;0;0;0;1;0;1; ;0;0;0;0;1;1;0;1;0;8;5;6;weil sie mir bekannt sind;1;1;1;2;1;1;2;1;1;1;1;1;1;1;1;1; ; ;1;2;2;2;2;2;2;2;3;-99; ;3;6;7;2;1;6;2;2;4;1;2;1;4;2;4;2;1;2;3;3;1;1965;13;8; ; ;"Joggen; Radfahren; Fussball";D;77815;4
106;1;17;3;1;1;1;1;1;1;1;1;1;3;1; ; ;2;2;4;4;3;3;1;1;1;3;1;1;1;1; ; ;1;1;1;1;2;1;1;1;1;1;4; ; ;1;1;2;8;8;1;8;8;1; ;Nichts;2;1;1;1;1;0;0;0;0;0;0;1;0;0; ;0;0;0;0;1;1;0;1;0;6;8;5;"Hoher Bekanntheitsgrad; lange bewährt";2;2;1;1;4;4;4;1;1;1;3;1;1;1;1;3; ; ;1;1;1;1;1;1;1;1;1;0; ;2;5;7;3;1;7;1;4;4;2;2;2;2;2;3;1;1;1;3;4;2;1966;10;8;3; ; meine Kinder;D;90513;6
107;1;1;3;2;2;2;2;2;2;3;2;2;3;2; ; ;3;3;5;2;7;1;1;1;1;3;1;2;1;2; ; ;1;1;2;2;2;1;3;2;1;1;0; ; ;2;2;2;3;3;2;8;8;2; ; ;2;1;1;1;1;0;0;0;0;0;0;0;0;0; ;0;0;0;0;1;1;0;1;0;8;5;6; ;3;3;1;1;3;8;8;0;2;1;1;2;2;1;1;3; ; ;1;1;1;3;1;3;3;1;3;-99; ;7;2;4;2;8;4;3;4;8;2;0;1;7;1;2;1;1;1;7;4;2;0;12; ; ; ; ;D;0;0
108;1;3;3;2;2;1;1;2;2;2;2;2;3;2; ; ;3;3;4;3;4;1;1;3;1;4;2;1;1;1; ; ;2;2;1;1;1;2;1;1;2;1;2; ; ;2;2;2;3;8;2;8;8;2; ; ;2;1;1;1;0;0;1;0;0;0;0;1;0;1; ;0;0;0;0;1;1;0;1;0;6;8;5;Gutes Image durch viel Präsenz in den von mir bevorzugten LM - Märkten.;3;3;2;2;2;2;3;3;5;2;2;3;2;2;2;3; ; ;1;2;2;2;1;2;4;2;2;5; ;3;2;7;6;2;7;3;2;6;2;4;3;5;3;4;1;1;1;2;4;2;1981;1; ; ; ;"Reiten; Kutsche fahren; Radfahren; Schwimmen; Wandern";D;65779;0
109;1;1;2;1;1;1;1;2;2;2;1;1;2;2; ; ;4;3;5;2;3;2;3;1;1;3;2;2;2;1; ; ;1;2;1;1;1;1;3;3;2;1;1; ; ;2;2;1;1;2;2;2;8;1; ;-;4;4;3;3;1;0;0;0;0;0;0;0;0;0; ;0;0;0;0;1;1;0;1;0;6;5;8;"Propaganda; Werbung";4;3;2;5;4;8;8;8;1;6;6;5;2;3;2;5; ; ;2;3;2;2;3;2;3;4;2;0; ;2;6;3;4;4;4;4;3;3;2;3;2;1;1;2;1;3;2;4;4;1;1978; ; ; ; ;"Computer; Lesen; Fußball";D;76437;6
110;1;1;2;1;1;1;1;2;2;2;2;2;2;1; ; ;2;2;3;2;5;2;2;1;1;5;2;2;6;2; ; ;1;1;2;4;4;1;2;4;1;2;1; ; ;1;1;2;2;2;1;2;2;1; ; ;3;3;3;3;1;0;0;0;0;0;0;0;0;0; ;0;0;0;0;1;1;0;1;0;6;8;5;Bekanntheit;3;3;3;3;3;3;3;3;2;2;2;3;3;3;2;3; ; ;2;2;2;3;2;3;7;4;7;-99; ;2;3;2;2;2;2;3;3;3;3;2;1;2;1;1;3;2;2;6;4;2;1977; ; ; ; ;"Lesen; Inlineskaten; Kochen";D;76437;6
111;2;1;3;6;3;2;1;4;2;5;4;4;8;2; ; ;5;7;6;4;4;2;2;2;2;8;1;3;5;1; ; ;1;1;4;5;2;1;3;7;1;5;5; ; ;2;2;0;8;6;1;8;8;8; ;"Regionale Küche; tolle Auswahl, aber internationaler Standard";3;3;3;3;1;0;0;0;0;0;0;1;0;1; ;1;0;0;0;1;1;0;1;0;6;0;0;Davon gelesen;5;2;2;5;5;4;7;2;4;1;7;5;1;3;4;6; ; ;4;6;5;4;2;5;5;5;6;0; ;6;7;3;3;2;6;3;4;2;4;4;1;1;3;2;1;5;1;6;4;1;1963;5;5;5; ;"Saxophonspielen; Reisen";D;53177;6
112;2;6;3;3;2;2;1;1;1;3;2;2;4;2; ; ;3;3;7;2;4;6;2;5;2;6;2;2;1;2; ; ;2;1;2;1;1;3;1;1;2;2;2; ; ;1;1;2;2;8;2;8;8;1; ;-;3;2;2;1;1;0;0;0;0;0;0;1;0;0; ;0;0;0;0;0;0;0;1;0;0;0;0;Das Siegel kommt mir bekannt vor - Vertrauen?;3;1;1;2;2;5;4;4;7;1;1;3;1;1;4;3; ; ;1;1;1;1;1;1;1;1;1;-99; ;4;2;7;5;1;4;8;4;6;2;2;3;1;2;2;4;2;2;3;3;1;1960;6; ; ; ;"Musik; Surfen; Segeln; Skifahren";A;1140;0
113;2;1;2;3;2;1;1;2;2;4;3;2;2;2; ; ;7;7;5;5;7;1;3;4;1;7;2;1;2;4; ; ;1;1;1;1;1;1;1;1;2;2;2; ; ;1;1;2;2;2;2;8;8;2; ; ;2;1;1;1;1;0;0;0;0;0;0;0;0;0;Reisebüro;0;0;0;0;1;1;1;1;0;6;7;8; ;1;1;1;1;1;1;2;1;2;1;1;1;1;1;1;2; ; ;1;1;1;1;1;2;2;1;2;10; ;6;2;7;6;6;6;1;6;5;1;7;2;1;1;1;2;1;1;7;4;1;1961;23; ; ; ; ;D;46395;0
114;2;1;2;0;2;1;2;2;2;0;2;2;8;2; ; ;6;6;6;6;8;1;1;1;1;6;2;1;1;2; ; ;1;1;1;1;1;1;1;1;2;1;2; ; ;1;2;2;2;2;2;8;8;2; ;Frischkornmüsli;2;1;1;1;1;0;0;0;0;0;0;0;0;0;Reisebüro;0;0;0;0;1;1;1;1;0;6;8;5;demeter-Bioläden;1;1;1;1;1;2;2;2;1;1;1;1;1;1;1;1; ; ;1;1;1;1;1;2;2;1;2;10; ;4;2;7;6;2;5;2;5;7;2;6;2;3;3;3;2;1;2;7;3;2;1959;23; ; ; ;Sport;D;46395;0
115;2;6;3;3;2;2;1;2;2;3;2;5;4;3; ; ;3;3;5;4;4;4;2;4;2;3;3;2;2;3; ; ;1;1;1;1;2;2;2;1;1;2;3; ; ;2;2;2;3;3;2;8;8;2; ; ;2;2;2;1;1;0;0;0;0;0;0;1;0;0; ;0;0;0;0;0;1;0;1;0;8;6;0;Sind die in Österreich bekannten;2;2;1;1;3;4;3;2;3;2;4;2;3;1;2;2; ; ;1;1;1;2;2;2;3;2;3;-99;hängt von der Menge ab und daher nicht sinnvoll angebbar;2;3;5;4;3;5;3;2;4;3;3;3;6;2;3;2;2;2;3;2;2;1963;6; ; ; ;"Surfen; Segeln; Skifahren; Kabarett; Unser Kind";A;1140;0
116;2;8;3;2;3;2;2;3;2;3;3;2;2;3; ; ;4;4;5;3;3;2;3;2;3;3;1;2;2;2;1;Wein-Angebot;1;1;2;2;2;1;3;2;2;2;3; ; ;2;2;2;3;3;3;2;2;3; ;Vielfalt und das Besondere!;2;2;2;2;1;0;0;0;0;0;0;0;0;0; ;1;0;0;0;1;0;0;1;0;8;5;1;Gute Erfahrungen mit den Produkten;1;2;3;2;4;8;4;2;4;2;2;1;2;3;1;2; ; ;3;2;2;3;1;1;3;3;3;-99; ;2;2;7;4;2;4;2;2;5;3;3;2;2;2;3;2;3;2;4;4;1;1948;27;5;3; ; ;D;53173;6
117;2;1;3;2;2;1;1;2;2;1;3;2;2;3; ; ;3;8;2;8;8;3;2;2;2;8;2;2;1;2; ; ;2;2;2;1;1;2;3;1;2;2;3; ; ;2;2;1;2;2;2;3;3;2; ;Uns fehlt nichts.;3;1;2;2;0;0;0;0;0;0;0;1;1;1; ;0;0;0;0;1;1;0;1;0;8;5;0;8 ist das europ. Biosiegel;3;3;2;2;4;7;7;4;1;2;7;3;4;2;2;3; ; ;4;2;2;1;1;4;7;7;7;15; ;7;3;7;4;1;3;1;2;7;2;2;2;4;3;4;2;5;2;7;4;1;1977;1; ; ; ;"Golf; Fliegen; Fahradfahren";D;31275;6
118;2;2;3;2;2;1;1;2;2;2;1;1;2;1; ; ;3;3;0;0;2;2;1;1;1;3;2;2;2;2; ; ;1;1;2;2;3;3;3;4;2;3;2; ; ;2;2;3;3;2;2;3;3;2; ; ;3;2;2;2;1;0;0;0;0;0;0;1;0;0; ;0;0;0;0;1;0;1;1;0;8;5;7;sind die, die ich überhaupt kenne bzw. schon mal gesehen habe!;3;2;1;1;3;4;4;2;1;1;1;3;1;1;1;3; ; ;2;2;1;2;1;3;4;3;1;5; ;2;3;6;2;2;5;4;3;7;1;4;3;6;2;4;2;3;3;7;4;1;1972;3; ; ; ;Sport;D;58791;6
119;2;3;3;2;1;1;1;1;1;1;1;1;1;1; ; ;2;2;3;4;5;1;2;1;1;2;1;1;1;1; ; ;1;2;2;2;1;1;1;1;3;3;3; ; ;1;1;3;2;1;1;1;1;2; ; ;2;2;2;1;1;0;0;0;0;0;0;1;0;1; ;0;0;0;0;1;1;0;1;0;5;8;6; ;3;2;1;1;2;3;3;3;2;2;2;2;2;2;2;2; ; ;1;1;1;3;2;4;5;6;5;-99; ;2;4;7;2;1;6;2;2;4;3;2;2;7;1;6;2;3;1;5;2;2;1971;5; ; ; ;"Reiten; Tanzen; Skifahren";D;72461;6
120;2;12;3;2;1;1;1;3;3;1;2;1;4;3;1;Gutes Sportequipment;5;5;4;5;6;6;3;2;1;4;1;1;4;5; ; ;1;1;4;3;6;1;2;1;1;1;5; ; ;2;2;4;8;8;2;8;8;3; ;regelmäßiger hochwdertigere Angebote (nicht nur zum Gala-Abend);4;3;4;4;1;0;0;0;0;0;0;1;0;1; ;0;0;0;0;1;0;0;1;0;8;5;2;"Auf renomierten Marken / Produkten vertreten; hohe Bekanntheit";2;2;1;2;4;3;4;4;2;1;1;5;1;1;1;5; ; ;3;2;2;5;2;5;7;7;6;1; ;3;5;7;2;3;3;5;6;6;2;6;2;1;2;2;1;1;1;6;4;1;1965;3;,5; ; ;"Cat-Segeln; Laufen; Musik";D;61440;6
121;2;1;1;3;2;2;1;3;4;4;2;3;3;2; ; ;4;3;3;2;0;1;5;2;5;1;1;1;2;1; ; ;1;2;2;3;3;2;1;1;1;2;5; ; ;1;1;3;3;1;2;8;8;8; ;"Infoschilder bei den Speisen ( Name, Bestandteile, Inhaltsstoffe); Strandrestaurant auch abends mit leichtem Grill-Essen öffnen";2;2;2;8;0;0;0;0;0;0;0;0;0;0;Reisebüro;0;0;0;0;1;0;0;1;0;8;5;0;weil bekannt;2;2;1;3;4;7;7;3;3;2;1;0;1;1;3;5; ; ;1;2;2;1;1;4;6;6;5;-99; ;4;5;7;6;1;6;3;1;3;6;3;4;6;2;2;1;0;1;7;4;2;1966; ; ; ; ;"Krimis lesen; Radfahren; Reisen; manchmal Wandern";D;10;0
122;2;3;3;2;2;2;1;1;1;2;2;2;4;3; ; ;2;2;6;4;0;6;3;2;1;5;1;2;2;2;2;Kinderbetreuungsangebote;1;1;2;2;2;2;2;2;2;2;2; ; ;1;1;1;2;2;2;8;8;1; ; ;3;2;3;2;1;0;0;0;0;0;0;1;0;1; ;0;0;0;0;1;0;0;1;0;8;6;0;Kenne ich am ehesten;2;2;1;1;2;4;4;2;2;1;1;2;1;1;1;2; ; ;1;1;1;2;2;3;4;5;5;-99; ;3;3;5;3;2;6;3;3;6;2;5;2;5;4;3;2;3;2;6;4;2;1968;4; ; ; ;"Sport; Lesen; Reisen";D;0;0
123;2;6;2;2;2;1;1;2;2;3;3;3;6;3; ; ;2;2;6;2;6;6;1;6;1;2;1;3;5;2; ; ;1;1;3;3;5;1;6;6;1;7;6; ; ;3;2;2;4;5;3;7;7;3; ;Abwechslung;2;3;3;2;1;0;0;0;0;0;0;0;1;0; ;0;1;0;0;1;1;1;1;1;8;6;5;"Qualitätskontrolle; Schulung; Überwachung und Kontrolle der zertif. Betriebe";5;5;2;2;7;7;7;5;1;1;7;5;2;1;1;6; ; ;2;2;5;4;2;6;6;6;2;0; ;6;6;3;4;4;2;6;6;4;2;3;1;4;3;5;2;2;2;6;4;1;1952;34;30; ; ;"Tennis; Wassersport";D;81;6
124;2;2;2;1;2;2;8;2;2;3;2;2;7;2; ; ;4;4;4;4;4;5;2;3;2;4;2;2;3;3; ; ;1;1;1;2;3;2;2;3;2;3;2; ; ;2;2;2;3;8;2;8;8;2; ;./.;3;2;2;1;0;0;0;0;0;0;0;1;0;0; ;0;0;0;0;1;1;0;1;0;8;5;6;--> offiziell;3;3;2;2;3;3;3;2;4;2;3;3;2;2;2;4; ; ;3;2;2;2;2;2;3;3;3;-99; ;3;3;4;3;2;4;3;3;4;3;2;2;5;4;2;3;3;3;6;2;2;1983; ; ; ; ;"Lesen; Sport; Freunde";D;22335;3
125;2;2;2;2;1;1;1;1;1;3;1;1;3;2; ;Erholung;2;3;5;5;6;6;1;1;1;0;2;1;3;3; ; ;1;1;2;2;3;1;3;3;1;4;2; ; ;1;1;2;2;2;1;8;8;1; ; ;4;3;3;3;1;0;0;0;0;0;0;1;0;0; ;0;0;0;0;0;0;0;1;0;0;0;0;Ich vertaue eigentlich keinem Bio-Zertifikat, da ich mich noch mit keinem näher beschäftigt habe.;2;2;1;1;3;6;6;3;3;3;5;5;1;1;2;3; ; ;2;2;2;2;1;4;4;6;5;-99; ;5;4;5;2;3;5;4;3;4;3;4;2;3;2;4;2;3;2;6;4;1;1968; ; ; ; ;"Surfen; Badminton; Lesen";D;65835;5
126;2;2;3;1;1;1;1;1;1;1;1;1;1;1; ; ;2;1;5;2;5;5;1;2;1;2;1;1;1;1; ; ;1;1;1;1;1;1;1;1;1;1;1; ; ;1;1;1;1;1;1;1;1;1; ;Nichts;2;2;1;1;0;0;1;0;0;0;0;0;0;0; ;0;0;0; ;1;0;1;1;0;8;7;5;Weil man darauf vertraut, dass es naturbelassen ist.;1;1;1;1;1;3;1;1;1;1;1;1;1;1;1;1; ; ;1;2;1;1;1;2;2;2;2;0; ;1;6;7;1;3;3;2;3;3;2;2;1;1;2;1;1;1;1;4;3;2;1970;2,5; ; ; ;Sport, meine Familie;D;32369;0
127;2;2;3;2;2;2;1;2;1;3;2;3;4;3; ; ;2;2;0;1;7;7;3;3;2;6;1;2;2;4; ; ;1;1;2;2;4;2;3;1;1;1;3; ; ;2;2;8;8;8;2;8;8;2; ;-;2;2;3;2;1;0;1;0;0;0;0;1;0;0; ;0;0;0;0;1;0;1;1;0;8;5;7; ;2;1;1;1;3;3;3;2;4;1;4;3;2;1;1;3; ; ;1;1;1;1;1;1;3;3;2;3; ;2;2;6;2;2;6;3;2;6;2;3;1;3;2;2;2;2;2;5;3;1;1965;2; ; ; ;"Ballsportarten; Garten";D;33369;0
128;2;6;3;2;1;2;1;1;2;2;1;2;8;2; ; ;2;2;2;3;4;2;1;1;1;3;1;1;1;2; ; ;1;1;2;2;2;1;2;2;1;1;6; ; ;1;1;2;2;2;1;1;1;1; ; ;2;2;2;2;1;0;0;0;0;0;0;0;0;0; ;0;0;0;0;1;0;1;1;0;8;5;7; ;1;1;1;1;1;1;2;1;1;2;1;1;2;2;2;2; ; ;2;1;1;1;1;3;4;3;3;-99; ;2;2;8;8;8;5;2;8;5;2;4;2;2;1;3;2;1;1;3;3;2;1986; ; ; ; ; ;D;85049;4
129;2;5;3;2;1;1;1;3;2;1;2;3;8;3; ; ;3;2;2;1;3;7;1;3;1;2;1;2;3;3; ; ;1;1;1;2;1;1;2;1;2;2;2; ; ;2;1;2;2;8;2;8;8;2; ; ;3;3;3;1;0;0;0;0;0;0;0;1;0;0; ;1;0;0;0;1;0;1;1;0;5;8;7; ;0;0;0;0;0;0;0;0;0;0;0;0;0;0;0;0; ; ;1;2;1;4;4;4;7;4;7;-99; ;7;4;7;3;4;4;2;7;3;1;3;2;4;4;2;2;2;2;6;4;2;1974;3;1; ; ;"Rennradfahren; Bergsteigen; Schwimmen; Skifahren";D;77933;5
130;2;8;3;2;1;2;1;1;2;2;1;1;4;2; ; ;2;3;1;3;8;4;1;1;1;4;1;1;1;2; ; ;1;1;1;2;2;1;1;1;2;1;2; ; ;1;1;1;1;2;1;1;1;2; ; ;2;2;2;1;0;0;0;0;1;0;0;0;0;0; ;0;1;0;0;1;0;1;1;0;8;2;5;Bzgl. der Frische;2;1;1;1;2;2;2;2;1;2;2;1;1;2;1;2; ; ;2;1;1;1;1;1;3;2;3;-99; ;2;3;7;2;2;5;2;2;5;2;3;1;6;2;4;1;2;1;5;3;1;1978; ; ; ; ;"Tennis; Beachvolleyball; Snowboarden; Klettern";D;85049;4
131;2;3;3;2;1;1;1;1;1;1;1;1;2;1; ; ;2;2;2;3;5;5;2;3;1;5;2;2;3;3; ; ;2;2;2;3;3;2;3;2;2;3;3; ; ;2;2;2;2;2;2;8;8;2; ; ;4;4;4;2;0;0;0;0;0;0;0;1;0;0; ;0;0;0;0;0;0;1;0;0;0;0;0; ;2;2;1;2;3;2;3;3;4;2;3;2;1;1;1;2; ; ;1;1;1;1;1;1;2;2;2;-99; ;3;4;4;2;2;4;3;3;3;1;2;2;5;3;5;2;3;2;4;4;1;1969;5; ; ; ;Sport;D;50321;5
132;2;3;3;2;1;1;1;2;2;1;1;1;1;1; ; ;2;2;2;4;8;3;2;3;2;3;1;1;3;3; ; ;1;1;1;2;2;1;2;2;2;2;1; ; ;1;1;1;2;2;1;0;0;1; ; ;5;4;6;5;0;0;0;0;0;0;0;1;0;0; ;0;0;0;0;0;0;0;1;0;8;0;0; ;4;4;2;4;4;3;4;4;2;2;2;4;2;1;1;4; ; ;3;3;2;5;5;3;5;5;5;-99; ;5;0;7;3;3;2;3;3;3;5;2;2;4;2;3;3;2;2;5;2;2;1972;5; ; ; ; ;D;50321;5
133;2;6;3;3;1;1;1;1;1;1;1;1;4;1; ; ;5;3;4;5;7;1;1;1;1;5;2;1;3;4; ; ;1;1;3;2;3;1;2;1;1;2;2; ; ;1;2;1;1;2;1;0;0;2; ;Nichts;2;1;2;2;1;0;0;0;0;0;0;0;0;0; ;0;0;0;0;0;0;0;1;0;8;0;0;Es ist uns das am meisten bekannte;1;3;1;1;4;4;7;4;3;1;3;1;1;1;1;5; ; ;2;2;2;2;2;5;7;5;7;2; ;7;4;7;2;2;4;8;3;6;2;4;1;3;2;1;2;2;1;5;4;1;1969;2,5; ; ; ; ;D;69234;5
134;2;5;3;1;1;1;1;1;1;1;1;1;2;1; ; ;3;2;5;3;5;2;2;3;3;3;1;1;1;3; ; ;1;1;1;2;2;1;1;1;2;2;2; ; ;1;1;2;1;2;1;2;8;1; ;mehr Meeresfrüchte;2;2;2;1;0;0;0;0;0;0;0;1;0;0; ;0;0;0;0;1;1;0;1;0;6;8;5;langjähriger Konsum;2;1;1;1;2;3;3;0;4;1;1;1;1;1;1;2; ; ;2;1;1;1;1;2;2;2;2;-99; ;4;2;7;2;2;7;2;2;7;3;7;3;2;2;2;1;3;1;4;4;2;0;5;3; ; ; ;D;85000;0
135;2;2;3;1;1;1;1;1;1;1;1;1;8;1; ; ;2;2;0;7;7;7;1;4;1;7;1;2;4;4; ; ;1;1;2;3;3;1;3;4;1;1;3; ; ;1;1;8;8;8;1;8;8;1; ;Absolut gar nichts;3;2;3;2;1;0;0;0;0;0;0;1;1;0; ;0;0;0;0;1;0;0;1;0;0;0;0; ;8;1;1;1;4;7;7;7;7;2;2;4;2;1;1;4; ; ;2;1;1;1;1;3;5;6;6;-99; ;7;7;5;1;2;3;7;4;5;2;3;2;7;5;0;2;2;2;4;3;2;0;4; ; ; ;"Sport; Scrapbooking; Nähen";D;85221;0
136;2;10;3;6;3;2;1;7;7;5;5;7;6;4; ; ;6;5;5;1;2;1;4;1;6;7;1;1;1;2; ; ;1;1;1;1;3;1;2;4;1;4;4; ; ;6;5;7;7;6;4;8;8;6; ;"Abwechslung; Qualität";2;2;1;1;0;0;0;0;0;0;0;1;0;1; ;0;0;0;0;1;0;0;1;0;8;5;0;Gewohnheit;3;2;1;1;2;4;4;3;6;4;4;2;8;8;4;5; ; ;2;1;1;3;2;3;1;1;2;-99; ;7;5;7;6;1;6;1;4;6;7;2;1;3;1;6;2;1;1;7;3;1;1967;5;4;1; ; ;D;45239;6
137;2;1;3;3;1;1;1;2;2;3;3;3;3;3; ; ;2;2;5;1;7;2;1;2;1;3;1;1;1;2; ; ;1;1;2;2;2;1;1;1;1;1;2; ; ;2;1;2;2;2;2;2;2;2; ; ;2;2;2;1;1;0;0;0;0;0;0;1;0;0; ;0;0;0;0;0;0;0;0;0;0;0;0; ;1;1;1;1;2;1;0;2;2;1;1;1;1;1;1;5; ; ;1;1;2;2;2;2;4;2;4;-99; ;2;3;6;4;1;2;2;2;3;3;2;2;2;1;0;2;2;2;5;4;2;0;4,5;2,5; ; ; ;CH;0;6
138;2;1;3;2;2;3;2;4;4;3;3;2;4;3; ; ;1;1;4;2;6;2;2;5;1;6;1;1;1;6; ; ;1;1;1;1;4;2;1;1;1;1;5; ; ;3;4;2;3;3;3;4;4;3; ;mehr Fisch;2;1;1;1;0;0;0;0;0;0;0;1;0;0; ;0;0;0;0;1;0;0;1;0;0;0;0;Biosiegel Schweiz;1;1;1;1;1;3;3;3;4;3;4;2;1;1;1;4; ; ;1;1;1;3;1;1;5;5;5;80; ;4;1;7;2;1;6;2;1;6;1;6;1;1;1;1;1;1;1;7;2;1;0;4;2; ; ;"Sport; Politik";CH;5000;6
139;2;3;3;3;1;2;2;3;4;3;2;3;6;4; ; ;2;4;4;3;5;6;1;2;2;6;2;3;3;3; ; ;1;1;3;3;3;1;3;1;1;3;2; ; ;3;2;3;3;8;3;8;8;3; ;große Auswahl aber alles recht scharf - für kleine Kinder, die sonst alles essen? Fast in jedem Essen ist Chili;2;3;4;2;1;0;0;0;0;0;0;1;0;0; ;0;0;0;0;1;1;1;1;0;5;8;6;Erfahrung mit ansässigen Bauern in BRD;2;2;1;1;3;6;6;3;4;1;1;2;1;1;1;2; ; ;3;1;1;2;2;3;6;6;3;0; ;3;6;4;3;3;4;5;6;2;3;5;2;6;5;6;1;3;2;6;4;2;1972;2; ; ; ;"Sport; Lesen; Kochen; Gesellschaftsspiele";D;61;4
140;2;1;1;1;2;1;1;1;1;3;2;2;3;3; ; ;3;2;5;5;4;4;3;3;1;3;2;2;3;3; ; ;2;2;2;2;2;2;2;2;2;2;2; ; ;2;1;3;2;2;2;2;2;2; ; ;3;2;3;2;1;0;0;0;0;0;0;0;0;0; ;0;0;0;0;1;0;0;1;0;0;0;0; ;2;1;1;1;4;3;3;3;4;4;4;1;1;1;4;4; ; ;3;1;1;1;2;3;5;5;2;-99; ;3;3;7;4;3;4;3;4;3;2;2;2;4;4;4;4;3;2;2;3;0;0;11; ; ; ;"Tauchen; Segeln; Volleyball";D;87766;5
141;2;2;3;2;2;2;1;2;3;3;3;3;4;2; ; ;4;4;4;2;4;6;2;2;1;6;2;1;2;2; ; ;1;2;3;3;2;1;2;1;1;3;3; ; ;2;2;2;2;2;1;8;8;2; ;-;2;2;2;1;0;0;0;0;0;0;0;0;0;1; ;1;0;0;0;1;1;0;1;0;6;5;8;bekannt;2;2;2;2;4;4;4;2;5;2;3;2;2;1;2;4; ; ;1;2;2;3;1;1;3;3;5;-99; ;4;4;7;4;4;5;5;5;6;2;4;1;3;3;5;2;2;2;7;4;1;1963;5; ; ; ;"Tennis; Skifahren; Familie";D;55283;5
142;2;1;3;3;1;1;1;1;1;1;1;1;1;1; ; ;1;1;1;1;1;1;1;5;1;0;1;1;1;1;0;Sauna ein wenig klein;1;1;1;1;1;1;8;8;1;1;8; ; ;1;1;1;1;1;1;8;8;1; ;Nichts;4;4;0;2;0;0;0;0;0;0;0;0;0;1; ;0;0;0;0;0;0;0;1;0;8;0;0; ;1;6;1;1;1;1;1;1;1;1;1;1;1;8;1;0; ; ;1;1;1;1;1;1;1;1;1;-99; ;4;4;2;1;0;3;2;0;3;1;3;3;3;3;3;2;1;1;1;3;2;1942;45;40; ; ;Singen;D;68753;1
143;2;12;3;1;1;1;1;1;1;1;1;1;1;1; ; ;2;1;2;3;3;3;1;1;1;3;1;1;1;1; ; ;1;1;1;1;1;1;1;1;1;1;1; ; ;1;1;1;1;1;1;1;1;1; ;-;4;4;3;0;0;0;0;0;0;0;0;1;0;0; ;0;0;0;0;0;0;0;1;0;8;0;0;Bekanntheit;1;1;1;1;2;2;2;2;2;1;1;2;1;1;1;1; ; ;2;1;1;2;2;2;2;2;1;-99; ;3;1;7;1;2;4;4;2;7;1;3;3;1;1;1;1;2;1;7;2;2;1968; ; ; ; ;Sport;D;65207;0
144;2;4;1;2;1;1;1;2;2;1;1;2;2;2; ; ;1;1;2;3;5;1;1;2;2;4;2;2;3;3; ; ;1;1;2;3;1;1;2;4;2;2;3; ; ;1;1;3;3;2;1;5;5;2; ;-;3;2;3;2;1;0;0;0;0;0;0;1;1;1; ;0;0;0;0;1;1;0;1;0;6;5;8; ;1;1;1;1;3;4;4;2;2;1;1;4;1;1;1;3; ; ;6;1;1;5;1;1;7;3;7;-99; ;2;4;7;4;2;7;4;1;4;1;3;2;7;3;1;1;3;2;7;4;2;1973; ; ; ; ; ;D;63110;0
145;2;1;2;8;1;1;1;1;1;2;1;1;1;1; ; ;2;2;0;2;8;1;4;5;4;4;4;4;4;4; ; ;1;1;1;1;2;1;8;8;1;8;8; ; ;1;1;1;1;2;1;8;8;1; ;Nichts, fast zu üppig und verschwenderisch;3;2;2;2;0;0;0;0;0;0;0;0;0;1; ;0;0;0;0;0;0;0;1;0;8;5;0;die anderen kenne ich nicht;2;2;2;2;2;8;2;2;2;2;2;2;2;8;2;2; ; ;1;1;1;2;2;2;8;2;2;2; ;3;2;6;2;2;3;8;3;5;2;2;2;2;3;2;3;2;2;2;1;1;1937;46;43;41;38;"Tennis; Tischtennis"; ;0;1
146;2;1;3;1;1;3;1;1;1;1;1;3;3;1; ; ;3;2;4;4;7;7;2;2;2;2;1;2;2;2; ; ;1;1;1;1;1;1;1;1;1;1;1; ; ;1;1;1;1;1;1;8;8;1; ;./.;3;3;4;1;1;0;0;0;0;0;0;1;1;0; ;0;0;0;0;1;0;0;1;0;8;5;0;Werbung;1;1;1;3;3;5;5;5;1;1;1;3;1;1;1;4; ; ;1;1;1;4;2;2;5;6;6;-99; ;4;4;1;1;2;2;4;3;6;2;1;1;1;1;1;1;1;1;2;1;2;1978;1; ; ; ;"Handball; Musik; Laufen";D;81827;0
147;2;1;3;2;2;2;2;2;2;4;2;8;8;2; ; ;7;7;7;4;7;4;3;3;3;7;2;2;4;2; ; ;2;2;2;2;2;2;3;1;2;2;2; ; ;2;2;2;8;2;2;8;8;2; ; ;3;3;4;3;1;0;0;0;0;0;0;1;0;0; ;0;0;0;0;1;1;0;1;0;0;0;0;alle gleich;2;2;4;2;4;4;4;4;4;2;2;2;4;4;4;5; ; ;4;2;2;4;4;4;8;4;4;0; ;7;7;4;7;7;4;7;7;1;2;4;2;4;2;4;2;4;2;4;4;1;1968;1; ; ; ;"Joggen; Wandern; Kochen";D;81827;0
148;2;5;3;3;1;1;1;1;3;4;1;3;5;2; ; ;7;2;4;1;1;1;1;1;1;4;1;1;1;1; ; ;1;1;2;2;2;1;1;1;1;2;3; ; ;2;1;2;3;8;2;8;8;1; ;"Nachmittags im Strandrestaurant fehlt ""Babynahrung"" z. B. Apfelmus, Bananen, ein Brei.";3;1;1;1;1;0;0;0;0;0;0;1;0;0; ;0;0;0;0;1;1;0;1;0;6;8;5;demeter von Kindheit an bekannt, Wiedererkennungswert, Umfeld ausgewählte Biobbauernhöfe (soviel ich weiß), artgerechte Tierhaltung;4;2;1;1;4;1;4;1;3;1;1;3;1;1;1;2; ; ;2;1;1;4;2;1;4;3;2;-99; ;5;1;7;7;1;7;1;1;7;1;5;1;1;4;1;3;2;1;7;4;2;1974;3;1; ; ;"Sport; Lesen";D;70563;5
149;2;4;3;2;1;2;1;1;1;2;2;2;2;2; ; ;3;2;3;4;4;1;2;3;2;3;2;2;2;3; ; ;1;1;2;2;1;1;2;2;1;2;2; ; ;1;2;2;2;1;1;2;2;1; ;./.;2;2;3;2;0;0;0;0;0;0;0;0;1;0; ;0;0;0;0;1;1;0;1;0;8;6;5; ;3;3;2;2;2;2;2;2;2;2;2;2;2;1;1;3; ; ;2;2;3;2;2;3;4;4;4;5; ;3;2;3;3;2;3;3;2;4;2;3;2;3;2;3;3;2;2;4;4;1;1971;3;1; ; ;"Fitness; Surfen";D;70563;4
150;2;1;3;3;3;3;2;5;3;4;3;3;3;4; ; ;1;0;0;2;0;2;1;1;1;3;1;1;2;0; ; ;1;1;1;1;1;1;1;1;2;1;8; ; ;3;4;3;2;8;3;8;8;3; ;"Frisch zubereiteter Fisch; Schnitzel; Fischstäbchen";4;4;3;3;0;0;0;0;0;0;0;0;1;1; ;0;0;0;0;0;0;0;1;0;8;0;0;Bekanntheitsgrad;0;0;1;1;4;3;4;4;4;1;2;4;1;1;1;8; ; ;1;1;2;1;1;1;7;2;3;,5; ;2;1;7;5;1;7;4;2;7;1;7;1;2;2;2;2;2;1;7;2;2;0;15;4;2; ;"Tennis; Laufen; Kinder; Lesen";D;53840;0
151;2;6;2;2;2;1;1;1;2;2;1;2;2;2; ; ;2;2;7;2;5;7;1;7;2;2;2;1;1;2; ; ;1;1;1;1;1;1;1;1;2;1;1; ; ;2;2;2;2;2;2;1;1;1; ; ;2;2;2;2;0;0;0;0;0;0;0;0;0;1; ;0;1;0;0;1;0;0;1;1;8;5;9; ;2;2;2;2;2;3;2;2;8;1;1;1;1;1;2;2; ; ;1;1;1;1;1;1;2;2;1;-99; ;2;2;1;2;1;1;1;2;2;3;3;3;2;2;2;3;2;2;3;1;2;1941;44; ; ; ; ;D;87600;3
152;2;8;1;1;1;2;1;1;1;1;1;1;1;1; ; ;3;1;2;4;7;7;3;2;3;4;1;1;2;4; ; ;1;1;2;3;3;1;8;8;2;8;8; ; ;1;1;1;8;8;1;8;8;1; ;Alles prima - super Auswahl;4;3;3;3;1;0;0;0;0;0;0;0;0;0; ;0;0;0;0;0;0;0;1;0;8;0;0;Kenne die anderen nicht;4;1;1;1;4;8;8;8;8;1;1;1;8;2;2;4; ; ;1;1;4;8;8;8;8;8;8;-99; ;8;4;7;1;8;8;5;5;1;3;4;1;3;2;1;1;3;2;8;3;2;1968;5; ; ; ;"Malen; Schwimmen";D;46147;2
153;2;3;3;0;1;3;1;4;3;3;1;1;4;1;1;nur deutsche Leute;7;6;6;1;1;2;1;1;1;6;1;1;1;1; ; ;1;1;4;1;2;1;4;2;1;2;1; ; ;3;2;3;1;2;2;2;3;2; ; ;2;2;1;1;0;0;0;0;0;0;0;1;0;0; ;1;0;0;0;1;0;1;1;0;8;5;7;Gewohnheit;4;1;1;2;1;5;7;1;7;1;8;4;8;2;4;8; ; ;1;1;1;1;1;3;6;6;1;10; ;1;1;7;3;1;5;1;1;6;2;3;1;3;2;1;1;1;3;1;4;2;1967;6; ; ; ;"Sport; Reisen; Lesen; Tanzen";RUS;127474;6
154;2;1;3;2;1;1;1;1;2;4;1;8;8;0; ; ;3;3;4;3;7;7;1;1;1;6;1;1;1;1; ; ;1;1;0;2;1;1;1;1;1;1;3; ; ;1;1;2;3;8;1;8;8;1; ; ;2;1;1;1;1;0;0;0;0;0;0;0;0;1; ;0;0;0;0;1;1;0;1;0;6;5;8;Hohe Anforderungskriterien;1;2;1;1;3;8;8;1;7;3;3;1;1;1;3;4; ; ;1;2;2;2;1;1;3;2;0;-99; ;2;1;7;7;1;7;1;5;6;1;3;1;1;1;1;1;3;1;6;4;1;1966;1; ; ; ; ;D;71116;6
155;2;2;3;2;1;1;1;2;3;2;3;2;1;2; ; ;3;3;4;6;6;1;3;3;2;6;1;1;2;5; ; ;2;2;3;3;5;2;3;2;4;3;5; ; ;2;2;2;8;8;2;8;8;3; ; ;2;2;3;1;1;0;0;0;0;0;0;1;0;1;Holiday Check;0;0;0;0;1;1;0;1;0;8;5;6; ;4;4;1;1;3;7;7;7;1;1;4;2;8;2;1;7; ; ;2;1;2;2;2;2;6;6;3;-99; ;6;6;6;2;2;5;3;7;5;6;2;4;4;6;6;2;3;2;6;4;1;1969;4,5;1,5; ; ; ;D;20249;6
156;2;10;3;3;1;1;1;1;1;2;2;2;4;3; ; ;3;2;4;4;6;6;2;2;2;3;2;2;4;2; ; ;2;1;2;3;3;3;3;3;2;2;4; ; ;2;2;2;8;8;2;2;2;2; ; ;4;3;4;2;1;0;0;0;0;0;0;1;0;0; ;0;0;0;0;0;1;0;1;0;8;0;0;Bekannt!;4;2;2;4;4;8;8;4;3;4;4;4;4;8;8;5; ; ;3;2;2;4;4;4;4;4;4;-99; ;3;7;2;2;2;6;5;6;2;4;2;4;4;1;3;1;3;1;8;2;2;1979;1; ; ; ;Reisen;D;0;0
157;2;1;3;2;2;2;1;2;3;2;2;3;2;2; ; ;3;3;3;3;3;3;3;3;2;3;1;2;2;2; ; ;1;1;2;2;1;1;1;1;2;1;4; ; ;2;1;2;2;8;2;8;8;2; ;-;2;1;2;1;0;0;0;0;0;0;0;1;0;0; ;0;0;0;0;1;1;0;1;0;8;6;5;Image;2;2;2;1;2;4;4;3;2;2;1;2;1;1;1;2; ; ;1;1;1;2;1;3;3;2;2;-99; ;3;2;4;3;2;5;3;2;4;2;4;2;2;3;3;3;2;2;5;4;1;1967;3; ; ; ; ;D;65462;5
158;2;2;3;2;1;1;1;3;3;2;1;3;2;2; ; ;3;3;5;5;3;5;1;2;1;2;2;2;3;4; ; ;1;1;3;3;2;1;2;3;1;2;2; ; ;2;2;2;3;0;2;8;8;2; ;Vieles wiederholt sich allabendlich, obwohl es natürlich trotzdem sehr abwechslungsreich ist.;2;2;3;2;1;0;0;0;0;0;0;1;0;1; ;0;1;0;0;1;1;1;1;0;8;2;5;Sehe es am häufigsten - auch wenn das natürlich nichts aussagt...;3;3;1;1;3;1;1;2;2;1;1;3;1;1;1;4; ; ;3;1;1;3;2;4;5;5;5;-99; ;5;3;3;2;2;3;3;2;5;2;4;2;6;2;3;3;3;2;6;2;2;1968;3; ; ; ; ;D;65462;4
159;2;8;3;2;2;3;1;2;2;1;2;0;0;0; ; ;0;0;0;0;0;0;0;3;2;0;1;1;1;0; ; ;1;1;1;1;1;1;1;1;0;1;1; ; ;2;2;2;0;0;0;0;0;0; ;mehr Fisch;1;1;1;1;1;0;0;0;0;0;0;0;1;0; ;1;1;0;0;1;1;0;1;0;6;5;1;Diese Produkte haben wir selbst getestet.;3;1;1;1;3;2;2;1;3;1;2;3;1;1;1;2; ; ;1;1;1;3;0;3;1;1;1;-99; ;6;2;7;2;2;6;3;0;6;1;4;2;6;1;3;2;1;2;2;3;1;1959; ; ; ; ;"Sport; Garten"; ;0;4
160;2;10;2;3;1;1;1;1;1;3;2;2;3;2; ; ;3;3;3;2;3;5;2;2;0;0;2;2;2;2; ; ;1;2;2;2;3;2;2;1;2;2;2; ; ;2;2;2;2;3;2;3;2;2; ;Nichts!;4;2;2;2;1;0;0;0;0;0;0;1;1;0; ;0;1;0;0;1;1;1;1;0;5;7;6;Gefühl;2;2;1;2;3;3;3;2;3;2;2;2;2;1;2;3; ; ;2;2;2;2;2;3;5;3;4;5; ;2;3;4;2;2;5;3;3;5;4;2;2;3;2;2;2;2;2;2;3;1;1950;30;27; ; ;"Natur; Kultur; Reisen; Berge; Leben genießen";D;85774;4
161;2;0;0;2;2;1;1;2;3;2;2;2;3;2; ; ;2;2;3;2;3;4;3;3;1;2;2;2;2;2; ; ;1;1;2;2;2;2;1;3;1;2;2; ; ;2;1;2;2;2;1;2;2;1; ;Nichts;2;2;2;1;1;0;0;0;0;0;0;1;0;0;Holiday Check;0;0;0;0;1;1;1;1;0;6;8;5;Selbstkontrolle, da Demeter Hof in der Nähe;2;2;1;2;3;2;2;1;2;1;1;2;1;1;1;3; ; ;2;1;1;2;1;3;4;3;4;2; ;2;2;5;2;1;5;3;2;5;2;2;1;3;2;3;1;2;1;4;4;1;1967;5;1; ; ;"Fußball; Autos";D;14055;5
162;2;3;3;2;1;2;2;2;1;1;2;2;4;2; ; ;2;1;2;2;8;8;1;2;1;3;1;2;2;2; ; ;1;1;2;3;3;1;1;1;1;2;2; ; ;1;1;1;8;8;1;8;8;1; ; ;3;2;2;2;0;0;0;0;0;0;0;0;0;1; ;0;0;0;0;0;1;0;1;0;8;6;0; ;2;2;2;2;3;3;3;3;4;1;2;2;1;1;1;3; ; ;2;2;2;3;2;4;5;4;0;-99; ;3;3;7;2;2;2;3;2;3;3;2;1;3;3;2;2;2;1;2;3;1;0;1;16; ; ; ;D;0;0
163;2;1;2;3;2;2;1;2;3;3;2;2;2;2; ; ;3;3;2;3;4;2;2;2;2;2;1;1;2;2; ; ;1;1;2;1;1;2;1;2;2;1;4; ; ;2;2;2;2;2;2;8;8;2; ;bestimmte Obstsorten z.B. Ananas, Kiwis --> etwas abwechsungsreicher;2;2;2;1;1;0;0;0;0;0;0;0;0;1; ;0;0;0;0;1;1;0;1;0;5;6;8;"Demeter / Bioland sind meistens in Reformhäusern erhältlich; Obst und Gemüse kommen aus der näheren Umgebung / Region --Y kurze Transportwege.";2;2;2;2;3;3;2;2;8;2;1;2;1;2;1;2; ; ;1;1;2;3;3;2;3;2;3;-99; ;2;3;6;2;2;7;4;5;7;3;2;2;4;2;3;2;2;2;7;4;2;1976; ; ; ; ;"Joggen; Kochen";D;45964;0
164;2;7;3;3;1;2;1;1;2;2;2;2;2;2; ; ;2;2;8;2;8;8;8;8;8;8;2;2;3;1; ; ;2;2;2;2;2;2;1;1;1;1;1; ; ;1;1;1;1;1;1;1;1;1; ; ;4;2;2;2;1;0;0;0;0;0;0;0;0;0; ;0;0;0;0;1;0;0;1;0;8;5;0; ;2;2;2;2;2;2;2;2;2;2;2;2;2;2;2;2; ; ;2;2;2;3;3;2;3;3;3;-99; ;2;3;7;6;2;4;3;3;3;3;2;2;2;2;3;3;3;2;7;4;2;1965;11;5; ; ;Reisen;D;53859;5
165;2;1;3;3;2;2;1;2;2;3;2;3;2;2; ; ;3;2;8;8;8;8;2;2;3;8;2;2;8;8; ; ;2;2;3;3;3;2;5;4;2;5;2; ; ;2;2;8;8;8;2;8;8;2; ; ;2;2;3;2;0;0;0;0;0;0;0;1;1;0; ;0;0;0;0;1;0;0;1;0;5;0;0;Ich kenne persönlich Bioland Bauern;2;2;2;2;3;7;7;3;2;2;2;2;2;3;4;4; ; ;5;1;1;5;2;2;7;4;2;25; ;3;2;5;2;2;3;3;3;5;3;4;3;3;2;3;2;2;2;2;4;1;1973;5;4;,5; ;"Fußball; Boxen; Snowboarden; Lesen";D;67346;6
166;2;6;3;2;2;2;2;2;2;2;2;2;2;2; ; ;2;2;3;2;5;6;4;4;4;4;1;1;4;1; ; ;1;1;1;2;2;1;1;1;1;2;1; ; ;1;1;2;2;1;1;2;1;1; ; ;5;4;6;4;1;0;0;0;0;0;0;1;0;1; ;0;0;0;0;0;1;0;1;0;6;8;0;ehrlich gesagt, keine Ahnung;6;6;2;4;4;3;3; ;4;3;3;6;2;1;6;7; ; ;4;4;3;5;4;4;7;4;4;0; ;2;7;7;2;2;4;6;7;3;3;4;3;2;4;4;2;2;2;7;3;2;0;5; ; ; ; ;D;64521;0
167;2;12;3;2;2;2;1;2;4;4;2;2;3;3; ; ;5;5;7;2;5;2;2;3;2;5;2;2;5;2; ; ;1;1;2;3;3;2;2;3;2;3;2; ; ;2;3;2;8;8;2;8;8;2;Obst oft unreif;"Es fehlt mir nicht; Eine stärkere Betonung des Themas des Abends wäre schön, oft ist das Essen gleich, nur das Motto variiert";4;4;4;4;1;0;0;0;0;0;0;0;1;0; ;0;0;0;0;0;1;0;1;0;6;0;0;"- weil es das erste und das bekannteste ist.; - Grundsätzlich gibt es mehr Bio auf dem Markt, als produziert werden kann, daher mein Misstrauen";0;0;0;0;0;0;0;0;2;1;1;0;1;1;1;3; ; ;1;4;4;4;2;2;4;4;4;0; ;2;2;7;2;2;6;4;8;2;3;3;3;4;3;3;3;3;3;7;4;2;1957;24;22; ; ; ;D;25499;0
168;2;3;3;1;1;4;1;1;2;1;1;1;7;3; ; ;3;3;5;7;4;7;4;1;3;6;3;1;1;2; ; ;2;1;0;2;6;4;4;2;2;2;4; ; ;2;2;2;2;8;2;8;8;2; ; ;2;1;2;1;1;0;0;0;0;0;0;0;0;0; ;0;0;0;0;1;1;1;1;0;6;5;8;Ich kenne einen Demeter-Hof bzw.dessen;3;1;1;1;3;7;7;2;4;1;1;4;1;1;1;4; ; ;1;1;1;4;1;1;6;4;4;25; ;5;2;4;4;3;6;2;4;7;5;3;5;2;3;4;3;2;4;6;2;2;1966;6;3; ; ;"Lesen; Basteln; Tanzen";D;57234;6
169;2;6;3;2;2;1;1;2;2;1;1;8;3;3; ; ;7;7;4;5;5;1;1;2;1;3;1;2;2;2; ; ;1;1;2;2;5;1;2;1;1;2;3; ; ;3;2;2;2;8;2;8;8;2; ;"Fisch; Meeresfrüchte; mehr Abwechslung";2;2;3;2;0;0;0;0;0;0;0;1;0;1; ;0;0;0;0;1;1;0;1;0;6;5;8;Berichten zufolge gute und strenge Auflagen / Kontrollen;2;2;1;2;3;3;3;2;2;3;5;2;2;2;2;3; ; ;2;1;1;5;3;5;6;6;6;-99; ;5;3;6;5;2;3;2;4;5;3;2;1;3;3;3;2;2;3;8;4;2;1970;2; ; ; ;meine Tochter (jederzeit);D;60389;6
170;2;10;3;2;2;2;1;1;1;1;2;2;3;2; ; ;2;2;3;6;3;3;2;2;2;2;1;2;2;4; ; ;1;1;4;3;1;1;1;1;1;1;3; ; ;2;2;2;8;8;0;8;8;2; ; ;4;3;3;2;1;0;0;0;0;0;0;0;0;0; ;0;0;0;0;1;1;0;1;0;8;5;6;Nur aufgrund der Markenbekanntheit;3;2;1;1;3;6;6;5;5;1;2;5;1;1;1;5; ; ;2;1;1;2;2;1;7;4;7;0; ;2;7;4;1;1;7;4;3;3;6;2;1;1;1;1;1;4;1;4;3;1;1969;6; ; ; ; ;D;45239;6
171;2;10;2;2;2;1;1;1;2;4;2;2;3;2; ; ;4;3;6;3;4;5;2;2;2;6;1;1;2;2; ; ;1;1;1;1;1;1;1;1;1;1;1; ; ;1;2;2;8;8;2;8;8;2; ; ;4;2;3;3;0;0;0;0;0;0;0;0;0;1; ;0;0;0;0;1;1;0;1;0;8;6;5; ;2;2;1;2;2;2;3;2;1;2;1;2;2;2;2;4; ; ;3;1;1;3;3;1;8;4;4;-99; ;4;4;7;2;2;7;3;3;3;2;3;2;3;3;3;2;2;2;3;3;2;1954;30;27; ; ;Sport;D;85774;4
172;2;5;3;2;2;2;1;2;3;4;1;3;4;4;1;angenehmes Publikum;3;4;4;4;4;1;2;2;1;3;2;1;2;1; ; ;1;1;2;2;2;2;2;1;1;1;3; ; ;2;3;2;8;8;3;8;8;2; ;mehr Abwechslung beim Gemüse;2;2;2;2;1;0;0;0;0;0;0;1;0;0; ;1;0;0;0;1;1;1;1;0;5;7;6;"Ziff. 8 ist zu weit gefasst (politisches Kompromissprodukt); Bioland u. Demeter sind ""Überzeugungstäter""";2;2;1;1;3;8;8;2;8;1;1;2;1;1;1;3; ; ;2;1;1;1;1;2;4;1;2;20; ;4;2;6;4;2;5;2;2;6;4;3;2;7;2;4;3;4;2;7;4;1;1972;2; ; ; ;"Jogging; Lesen";D;70176;6
173;2;2;3;4;2;2;1;1;1;3;1;3;3;3;1;"""Rund-um-Sorglos""";3;4;5;5;5;3;1;1;1;6;1;1;3;4; ; ;2;1;3;3;4;2;3;6;1;5;2; ; ;2;2;3;3;4;1;4;4;2; ; ;3;3;4;2;1;0;0;0;0;0;0;1;0;0;Reisebüro;0;0;0;0;1;1;0;1;0;8;6;5;Hohe Verfügbarkeit;2;4;1;4;5;4;5;4;5;2;2;3;3;1;1;5; ; ;3;4;2;4;3;5;6;6;5;0; ;2;5;5;2;3;5;3;3;4;5;3;4;1;4;2;5;3;2;6;4;1;1966;4,5; ; ; ;"Sport; Garten";D;85221;6
174;2;6;2;1;1;1;2;2;2;3;1;2;1;2; ; ;3;3;3;3;5;1;1;1;1;4;2;1;1;3; ; ;1;1;1;1;1;1;1;1;3;1;3; ; ;1;1;2;2;2;1;2;2;2; ; ;1;1;1;1;0;0;0;0;0;0;0;0;1;1; ;0;1;0;0;1;1;1;1;0;6;7;8;Jahrelange nachhaltige Erfahrung im Bereich von Bioprodukten.;1;1;1;1;1;4;4;4;4;1;3;2;1;1;1;4; ; ;1;1;1;0;1;3;3;1;1;10; ;2;1;7;4;1;7;1;2;7;3;2;2;7;2;3;2;2;2;7;4;1;1967; ; ; ; ;"Golf; Tennis";D;40211;6
175;2;2;3;2;1;1;1;2;3;1;1;1;2;1; ; ;2;2;4;3;4;4;1;2;1;2;1;1;1;2; ; ;1;1;1;1;1;1;1;1;1;1;2;0;"Kein ""geschächtetes"" Fleisch bitte!";1;1;1;1;8;1;8;8;1; ; ;1;1;2;1;1;0;0;0;0;0;0;0;0;0; ;0;0;0;0;1;1;0;1;0;8;5;6;8 gesetzlich geregelt!;1;1;1;1;4;2;3;1;5;1;1;1;1;1;1;3; ;Schutz für die Kinder;1;1;1;1;1;2;2;1;2;-99; ;1;1;5;1;1;5;1;1;4;2;2;2;2;3;2;1;2;2;6;4;2;1969;5;1; ; ;"Reiten; Aerobic; Lesen";D;14055;6
176;2;5;3;4;3;3;2;3;2;4;3;4;6;5; ; ;3;2;4;1;6;1;1;1;1;3;1;1;1;1; ; ;1;1;1;1;1;1;1;1;1;1;4; ; ;2;2;2;8;8;3;8;8;2; ;Klare, eindeutige Kennzeichnung der Produkte und Herkunft.;1;1;1;1;0;0;0;0;0;0;0;1;0;1; ;0;0;0;0;1;1;0;1;1;6;8;5; ;1;1;1;1;1;1;1;1;7;1;1;1;1;1;1;4; ; ;1;1;1;1;1;1;2;1;1;3; ;2;1;7;7;1;7;1;1;7;1;3;1;1;2;2;1;1;1;3;4;1;1971;3,5;1; ; ;"Sport; Essen; Wellfit";D;55268;0
177;2;3;1;1;1;1;1;1;2;2;1;1;2;2;1;gute Kinderbetreuung;5;5;7;5;7;2;1;6;2;3;3;1;1;2; ; ;1;1;1;1;3;2;1;1;2;1;4; ; ;1;1;1;1;5;1;8;8;1; ;Mehr Gerichte aus dem jeweiligen Gastland i. d. F. Türkei;2;1;2;1;1;0;0;0;0;0;0;1;0;0; ;1;0;0;0;1;1;0;1;0;8;5;6;"Wurde in Zeitungsartikel als ""gut"" beschrieben.";2;2;1;1;2;2;3;2;2;1;2;2;1;1;1;3; ; ;1;1;1;3;1;2;3;3;4;10; ;2;2;7;3;1;3;1;1;7;4;6;5;2;3;4;3;2;1;0;4;2;1966;6; ; ; ;"Laufen; Golf";D;69198;4
178;2;10;3;2;1;1;1;1;1;2;1;1;5;1; ; ;5;6;3;7;7;1;1;4;1;3;1;1;1;2; ; ;1;1;1;2;2;1;2;1;1;3;8; ; ;1;1;1;3;8;1;8;8;2; ; ;2;1;3;1;1;0;0;0;0;0;0;0;0;1; ;0;0;0;0;1;1;1;1;0;5;8;6;Weil ich hoffe, dass wirklich Bio drin ist;3;2;1;1;3;5;2;1;1;1;3;1;1;1;1;3; ; ;2;1;1;1;1;3;6;5;6;-99; ;2;2;7;2;3;4;1;3;5;3;2;1;2;1;5;1;1;2;4;2;2;1963;5; ; ; ;Singen;D;30161;0
179;2;12;3;2;2;2;2;2;3;3;2;4;4;2; ; ;3;3;3;4;5;4;3;3;2;3;2;3;4;4; ; ;1;1;2;2;2;1;3;1;1;1;1; ; ;2;2;3;3;2;2;4;4;2; ; ;3;2;2;1;1;0;0;0;0;0;0;1;0;0; ;0;0;0;0;1;1;0;1;0;6;5;8; ;2;2;1;1;3;4;2;2;2;2;2;2;1;1;2;3; ; ;1;1;1;1;1;2;2;2;3;-99; ;4;3;5;2;3;4;2;4;5;2;4;2;4;2;3;2;2;2;7;4;1;1961;5;1; ; ;"Golf; Segeln; Skifahren";D;85622;6
180;2;4;3;3;0;1;1;2;1;1;3;1;2;2; ; ;2;0;0;0;0;0;1;1;1;0;0;1;4;3; ; ;1;1;1;1;2;1;3;4;4;1;1; ; ;1;1;1;1;1;1;4;4;4; ;-;4;4;6;2;0;0;0;0;0;0;0;0;1;0; ;0;0;0;0;1;0;0;1;0;8;0;0; ;4;4;1;4;4;1;7;1;7;1;1;4;4;4;1;4; ; ;4;3;1;7;7;7;7;7;7;-99; ;7;7;7;4;7;3;6;7;1;1;2;1;4;1;2;3;1;1;1;4;2;1975;5,5; ; ; ;"Tennis; Fitness; Lesen";D;40667;0
181;2;2;3;2;2;2;1;2;2;2;2;2;2;2; ; ;2;2;2;4;5;3;3;3;1;3;2;2;2;3; ; ;2;2;2;2;2;2;2;1;2;2;4; ; ;2;2;2;2;2;2;8;8;2; ;Angabe von Kalorien- und Fettgehalt;2;2;2;1;1;0;0;0;0;0;0;0;0;1;Reisebüro;0;0;0;0;1;1;0;1;0;6;7;5; ;2;2;1;1;2;8;2;1;2;1;2;2;1;1;1;2; ; ;2;1;1;2;1;3;3;3;3;-99; ;2;2;7;3;2;6;2;2;5;3;3;2;5;4;2;2;3;2;6;4;1;1965;6;3; ; ;"Volleyball; Spiele jeglicher Art";D;57234;6
182;2;1;3;2;8;2;1;5;5;7;3;1;7;2; ; ;6;6;3;3;7;7;3;3;1;1;4;2;2;2; ; ;1;1;1;1;4;1;1;1;1;3;6; ; ;4;2;8;8;8;5;8;8;4; ; ;1;1;1;1;0;0;0;0;0;0;0;1;0;0; ;1;0;0;0;1;1;1;1;0;5;6;8;Strenge Zertifizierungsregeln;1;1;1;1;4;8;8;1;7;1;6;1;1;1;4;1; ; ;1;1;1;3;1;1;8;1;4;0; ;4;8;7;4;3;7;1;1;8;1;3;1;2;4;4;4;1;1;6;4;1;1970;1; ; ; ; ;D;80686;0
183;2;6;3;2;2;2;2;2;3;2;2;4;4;2; ; ;2;2;5;2;3;4;2;2;2;4;2;2;2;3; ; ;1;1;3;2;1;2;2;1;2;2;2; ; ;2;2;3;3;3;3;8;3;3; ;War die letzten Male deutlich abwechslungsreicher.;2;2;2;1;0;0;0;0;0;0;0;0;0;1; ;0;0;0;0;1;1;0;1;0;8;6;0; ;2;2;2;2;3;8;2;2;8;2;1;0;1;1;2;2; ; ;1;1;1;2;1;2;4;4;4;-99; ;3;3;6;3;2;6;4;4;6;3;6;2;5;3;1;2;2;2;4;4;2;1972;6;3; ; ;"Laufen; Politik";D;50354;6
184;2;2;3;2;2;1;1;1;1;3;2;3;6;2;4;Appartement / Zimmer;5;5;7;7;2;2;1;1;1;3;1;1;3;1;1;Roby Club;1;1;3;4;5;2;5;7;1;1;7; ; ;1;1;3;4;5;1;5;5;1; ;Dropjes!;6;4;4;4;1;0;0;0;0;0;0;0;0;0; ;0;0;0;0;0;0;0;0;0;0;0;0; ;1;2;2;2;2;6;4;2;4;2;6;4;1;2;3;5; ; ;1;5;4;3;1;4;7;6;7;20; ;2;4;3;2;4;2;3;6;4;4;2;3;6;5;5;1;3;2;6;4;1;1971;5;3,5; ; ;"Catamaran-segeln; Squash";NL;0;6
185;2;1;3;2;1;1;1;2;3;3;1;1;4;2; ; ;6;7;5;7;7;1;2;3;1;6;1;1;2;2; ; ;1;1;2;2;3;2;2;1;1;3;4; ; ;2;1;2;8;8;0;8;8;2; ; ;2;1;3;2;1;0;0;0;0;0;0;1;0;0; ;0;0;0;0;1;1;1;1;0;5;8;6;Weil soweit mir bekannt die Kriterien hierfür die strengsten bzw. klar geregelt sind.;1;1;1;1;6;5;4;3;1;1;2;3;1;1;1;4; ; ;1;1;1;3;2;2;3;2;3;5; ;4;1;6;5;2;5;1;2;7;2;3;2;3;3;6;2;2;2;5;4;2;1971;1; ; ; ; ;D;80686;6
186;2;2;3;2;4;2;2;2;3;3;2;3;7;3;2;2 Schlafzimmer;2;4;7;7;4;3;2;4;2;3;2;3;6;5; ; ;1;1;3;5;5;6;6;6;1;1;2; ; ;1;1;3;8;4;6;8;8;1; ;Nichts;6;4;8;8;1;0;0;0;0;0;0;0;0;0;Holländische Site von ROBINSON - www.arke.nl;0;0;0;0;0;0;0;0;0;0;0;0; ;2;1;2;7;8;8;8;8;8;8;8;8;1;8;8;7; ; ;1;3;3;3;1;5;5;7;7;10; ;6;4;4;1;4;7;4;7;4;4;3;2;7;1;3;1;0;3;7;4;2;1970;5;3,5; ; ;"Lesen; Shoppen";NL;0;6
187;2;8;2;1;1;1;1;1;1;1;1;1;3;3; ; ;3;3;2;5;5;1;1;1;1;1;1;1;4;4; ; ;1;1;1;1;1;1;1;1;1;1;4; ; ;1;1;1;1;1;1;1;1;1; ; ;2;2;1;1;1;0;0;0;0;0;0;0;1;0; ;0;0;0;0;1;0;1;1;0;0;0;0; ;1;1;1;1;1;1;1;1;1;1;1;1;1;1;1;1; ; ;3;1;1;1;1;1;4;4;4;-99; ;4;4;4;2;4;4;4;4;4;3;3;3;4;2;4;2;3;2;7;3;2;0; ; ; ; ; ;D;22303;0
188;2;27;2;3;1;2;2;1;2;1;2;2;2;2; ; ;4;4;3;2;5;4;4;2;2;5;1;2;3;3; ; ;1;1;2;5;2;1;3;2;1;1;2; ; ;1;2;2;3;2;1;0;0;2; ; ;4;4;4;2;0;0;0;0;0;0;0;1;1;0; ;0;1;0;0;1;0;0;1;0;5;0;0;"Kaufe selten Lebensmittel mit Biosiegel und wenn, dann mal von ""Bioland""";4;2;3;3;4;5;3;4;2;2;2;4;2;1;3;4; ; ;3;2;3;1;2;5;7;3;5;-99; ;5;5;2;2;3;4;4;4;2;2;4;1;3;3;1;2;3;1;7;2;2;1961; ; ; ; ;"Radfahren; Reiten; Schwimmen; Reisen; Malen";D;51109;0
189;2;2;2;3;2;2;2;2;3;2;2;3;3;2; ; ;2;3;5;2;3;5;2;2;2;5;2;2;8;6; ; ;1;1;2;2;2;1;2;3;1;2;2; ; ;1;2;2;8;8;1;8;8;2; ;Mehr Erläuterungen --> Hinweisschilder um welches Essenes sich handelt;4;3;3;8;1;0;0;0;0;0;0;1;0;0;Reisebüro;0;0;0;0;1;0;0;1;0;8;5;0;Ich vertraue grundsätzlich keinen Gütesiegeln;3;2;2;3;3;7;6;3;3;1;1;3;2;2;4;5; ; ;2;2;2;3;3;4;7;2;7;0; ;1;6;6;1;2;4;3;2;2;2;2;1;4;3;1;1;2;3;7;2;2;1973; ; ; ; ;"Nordic Walking; Garten";D;47533;0
190;2;10;3;1;3;2;2;1;1;2;2;3;4;2; ; ;4;4;3;4;4;6;2;4;2;3;1;2;2;2; ; ;1;1;2;2;2;2;1;1;1;1;3; ; ;1;1;8;8;2;2;8;8;2; ;Offene Teesorten;3;2;3;2;1;0;0;0;0;0;0;1;1;0; ;0;0;0;0;1;1;1;1;0;6;5;8;Diese werden vom Verband kontrolliert;1;1;1;1;3;3;3;1;3;1;1;1;1;1;1;3; ; ;2;2;1;2;2;3;4;2;4;-99; ;3;3;3;3;2;5;3;1;3;1;4;1;3;2;3;2;2;2;2;4;2;1965; ; ; ; ;"Tanzen; Joggen";D;91207;0
191;2;8;3;2;3;2;2;2;2;1;2;3;2;2; ; ;2;2;3;4;4;2;3;4;2;3;2;4;3;5; ; ;1;2;4;3;3;1;2;2;1;2;2; ; ;2;2;3;8;2;0;8;8;2; ;Frikadellen (nicht türkisch);4;3;3;8;1;0;0;0;0;0;0;1;0;0; ;0;0;0;0;1;1;1;1;0;8;5;6; ;4;8;2;2;4;3;3;8;5;2;2;4;1;2;1;4; ; ;3;2;2;8;4;4;7;7;6;0; ;4;7;1;2;3;4;6;8;2;1;2;1;3;3;3;2;5;4;4;2;2;1988; ; ; ; ;"Voltigieren; Schwimmen; Internet";D;91207;0
192;2;6;3;1;2;2;1;1;1;2;2;2;3;2; ; ;7;7;3;3;4;4;4;4;3;7;1;1;1;1; ; ;1;1;1;1;1;1;1;1;3;1;2; ; ;2;2;2;8;8;1;8;8;2; ;Nichts;2;1;1;1;1;0;0;0;0;0;0;1;1;0; ;0;0;0;0;1;1;0;1;0;6;5;8;Kontrollgewährleistung;1;1;1;1;1;2;2;2;7;1;1;1;1;1;1;2; ; ;1;1;1;2;2;2;4;2;2;-99; ;0;2;7;8;1;7;1;2;2;2;2;2;2;3;3;3;2;2;2;2;1;1950;19; ; ; ;Laufen;D;91207;3
193;2;5;3;2;2;1;1;3;2;2;2;2;3;2; ; ;2;1;3;8;8;6;2;1;1;3;2;2;2;2; ; ;1;1;2;2;3;2;3;4;1;4;4; ; ;2;2;2;8;3;2;8;8;3; ; ;2;1;2;2;0;0;0;0;0;0;0;1;0;0; ;0;0;0;0;1;0;0;1;0;5;0;0;Bioland hat der Händler meines Vertrauens;3;3;1;1;3;3;2;2;2;2;2;3;2;3;3;5; ; ;2;1;1;3;1;3;5;5;5;,2; ;7;4;7;2;2;7;2;2;4;2;6;2;4;2;3;3;3;1;4;4;1;1970;6;4; ; ;"Segeln; Laufen";D;52134;6
194;2;0;2;4;2;2;1;5;4;2;2;4;5;0; ; ;4;3;4;2;7;4;2;2;1;6;2;1;2;1; ; ;1;1;1;1;1;1;3;7;1;2;4; ; ;4;1;3;2;5;5;8;8;2; ; ;3;2;3;2;1;0;0;0;0;0;0;0;0;1; ;0;0;0;0;1;1;0;1;0;8;5;6;Am bekanntesten;3;3;1;1;4;4;4;1;2;1;1;1;2;7;3;6; ; ;4;1;1;6;6;4;7;2;7;0; ;6;6;6;2;3;7;2;3;3;1;1;2;4;3;3;1;2;1;6;4;1;1962;2,5;1; ; ;"Catamaran segeln; Inline Skating; Joggen";D;85540;6
195;2;10;3;3;2;2;2;3;2;1;2;3;3;2; ; ;4;5;7;5;6;1;1;2;1;2;1;2;2;2; ; ;1;1;3;4;2;1;3;0;1;1;1; ; ;3;2;3;2;8;2;8;8;2; ;-;2;1;2;1;0;0;0;0;0;0;0;0;1;0; ;1;0;1;0;1;0;1;1;0;7;8;3; ;4;2;1;1;3;4;5;4;2;1;4;3;1;1;1;4; ; ;1;1;3;1;1;3;4;4;3;1; ;7;2;6;2;2;4;3;5;4;3;2;1;6;3;6;2;2;1;5;2;1;0;2; ; ; ;"Fußball; Tennis";D;30500;6
196;2;10;3;2;2;3;2;2;2;3;2;2;4;3; ; ;2;2;4;4;3;3;1;1;1;2;1;1;1;2; ; ;1;1;1;1;2;1;1;1;1;1;1; ; ;1;1;1;1;1;1;1;1;1; ; ;2;4;2;2;0;0;0;0;0;0;0;1;0;0; ;0;0;0;0;1;0;0;1;0;8;5;0; ;7;7;1;1;7;7;7;7;7;1;1;7;1;1;1;7; ; ;7;1;1;2;2;3;7;7;7;5; ;7;5;9;7;5;7;6;7;5;2;6;2;2;3;3;2;1;3;7;4;2;1966;2; ; ; ;"Fitness; Skilaufen; Sauna; Wellness; Laufen";D;30519;0
197;2;15;3;2;2;2;1;4;4;8;2;3;8;3;1;Übersichtlichkeit;5;6;7;3;8;1;1;1;1;5;2;1;2;8;0;Abendshows zu viel, zu oft;1;1;1;2;2;1;1;2;1;1;3; ; ;3;2;8;8;8;2;8;8;2; ;"Meeresfrüchte; Langusten; Muscheln; Gambas; verschiedene Fische";4;2;4;2;0;0;0;0;0;0;0;0;0;0; ;0;0;0;0;0;1;0;1;0;6;0;0;Das Vertrauen in das Siegel;2;1;1;1;2;8;8;3;1;1;2;1;1;2;1;2; ; ;2;2;2;2;2;3;3;3;2;-99; ;8;8;7;4;2;2;8;8;8;4;3;2;4;4;5;3;4;3;6;3;1;1956;20;22;2; ; ;D;0;0
198;2;3;3;1;1;1;1;1;1;2;1;1;1;1; ; ;3;2;4;4;8;7;2;2;2;2;0;1;1;5; ; ;1;1;1;1;1;1;1;1;1;1;1; ; ;1;2;3;3;2;1;8;0;1; ; ;1;1;1;1;0;0;0;0;0;0;0;1;0;0; ;0;1;0;0;1;0;1;1;1;8;5;2;Sicherstellung - der Überprüfung aller Lebensmittel / Anbau / Qualität;1;1;1;1;1;1;1;1;1;1;8;1;1;1;1;3; ; ;1;1;1;3;2;2;6;6;6;5; ;5;2;4;4;3;2;2;4;6;1;7;1;7;1;7;1;1;1;7;3;2;0;1,5; ; ; ; ;D;22081;6
199;2;4;3;3;2;3;1;4;4;4;3;8;8;4; ; ;5;7;6;6;4;2;4;2;2;4;2;1;1;3; ; ;1;1;2;1;1;2;1;1;2;2;6; ; ;3;3;5;4;8;4;8;8;6; ;Mehr lokale Gerichte = Leberkäs und Sauerbraten sind keine türkische Küche!;2;1;1;1;0;0;0;0;0;0;0;0;1;1; ;0;0;0;0;1;1;0;1;0;6;5;8;Strenge Kontrollen;1;2;1;1;3;5;5;3;7;1;1;2;1;1;1;4; ; ;2;1;2;2;1;2;3;2;2;10; ;8;2;7;4;2;7;2;1;6;4;3;2;5;2;6;1;4;2;7;4;1;1965;3; ; ; ;Segeln;D;78462;6
200;2;3;3;6;3;3;1;3;2;2;3;3;2;2; ; ;3;3;3;3;5;5;3;1;2;3;1;1;1;2; ; ;1;1;2;2;2;1;2;1;1;1;2; ; ;3;3;2;2;3;2;2;2;2; ; ;2;1;2;1;0;0;0;0;0;0;0;0;0;1; ;0;0;0;0;1;0;1;1;0;8;5;7;Bekannt!!!;1;1;1;1;2;2;2;1;1;1;1;1;1;1;1;3; ; ;1;1;1;1;0;0;3;3;3;10; ;6;4;3;3;4;3;4;4;4;4;4;1;3;1;3;3;2;1;7;3;2;1973;8;4; ; ; ;D;44357;6
201;2;1;1;1;2;2;2;2;2;2;2;2;3;2; ; ;2;2;2;2;2;2;2;0;1;1;3;2;2;3; ; ;2;1;1;1;2;1;2;2;2;2;2; ; ;3;2;3;3;3;3;3;4;2; ;./.;2;2;2;2;0;0;0;0;0;0;0;0;0;1; ;0;1;0;0;1;0;0;1;0;8;5;2;TV und generelle Presse;1;1;1;1;2;1;2;1;1;1;2;1;1;1;1;1; ; ;1;1;1;1;1;1;2;1;2;40; ;1;1;7;2;4;5;6;1;7;1;1;1;1;1;1;1;1;1;7;3;2;1971;,5; ; ; ;"Jogging; Yoga; Wasserski; Spinning";D;47877;0
202;2;2;3;2;1;1;1;1;1;1;1;3;6;3; ; ;2;2;7;4;7;7;1;2;1;5;1;3;6;4; ; ;1;1;3;3;1;2;2;1;1;2;1; ; ;1;1;2;2;2;1;1;1;1; ;Bitte mehr türkische Küche;4;4;3;2;1;0;0;0;0;0;0;0;0;0; ;0;0;0;0;1;1;0;1;0;8;5;6;Sehr hohe Qualitätsanforderungen;4;2;1;2;7;7;7;7;7;1;1;3;1;1;1;3; ; ;1;1;1;1;1;1;3;2;3;0; ;4;7;3;1;3;2;4;5;1;1;6;1;1;3;5;2;3;1;7;3;2;1973;5; ; ; ;"Sport; Lesen; Musik";D;86405;4
203;2;3;3;2;1;1;1;1;1;1;1;1;8;1; ; ;2;2;6;5;6;6;3;3;2;5;1;1;2;3; ; ;1;1;3;3;3;1;2;2;2;2;2; ; ;2;2;2;8;8;2;8;8;2; ;Nichts;2;2;2;2;1;0;0;0;0;0;0;1;0;0; ;0;0;0;0;1;1;0;1;0;6;5;8; ;2;3;2;2;3;3;3;3;5;3;3;3;1;1;1;3; ; ;3;2;2;2;2;2;7;2;3;-99; ;0;4;3;2;3;8;4;3;3;2;4;0;6;3;3;3;2;4;6;3;2;1965;12;8; ; ;Tennis;D;70327;5
204;2;3;3;2;2;2;1;2;2;1;2;2;2;2; ; ;1;1;1;1;3;2;2;2;1;2;1;2;2;2; ; ;1;1;1;1;1;1;1;1;1;1;0; ; ;1;1;1;1;1;1;1;1;1; ; ;2;2;2;2;1;0;1;0;0;0;0;0;0;1; ;1;0;0;0;1;0;0;1;0;8;5;1;gelesen;2;2;2;2;2;3;2;2;2;2;2;2;2;2;2;2; ; ;2;2;2;2;2;2;3;3;2;-99; ;3;2;2;1;1;2;3;2;2;2;2;2;3;2;3;1;3;1;3;3;1;1970;6;3; ; ;Badminton;D;50354;6
205;2;1;3;2;1;1;1;1;1;1;1;1;1;1; ; ;2;3;4;4;5;3;2;2;1;2;1;1;2;1; ; ;1;1;2;1;1;1;2;1;1;1;7; ; ;1;1;1;8;8;1;8;8;1; ;Nichts!;3;2;3;2;0;0;0;0;0;0;0;0;0;1;Reisebüro;0;0;0;0;1;0;0;1;0;8;5;0;Häufigkeit;4;1;2;1;8;6;5;4;2;1;1;5;1;1;1;2; ; ;2;1;1;1;2;2;4;1;5;-99; ;2;3;6;1;2;6;4;2;6;4;2;2;6;2;5;3;3;1;1;4;1;0;5;2,5; ; ;Badminton;D;59368;6
206;2;1;3;3;2;1;1;2;2;3;2;3;4;3; ; ;3;3;5;4;5;2;1;1;1;3;2;2;4;4; ; ;2;2;3;3;4;3;4;4;2;3;3; ; ;2;1;2;3;4;2;4;4;2; ; ;4;3;3;2;1;0;0;0;0;0;0;0;0;0; ;0;1;0;0;1;0;0;1;0;8;5;2;"""Bekannte Marken""";3;2;2;3;3;4;4;3;2;4;6;3;4;1;2;2; ; ;1;2;2;2;3;5;7;7;5;1; ;4;6;6;2;2;6;4;2;3;2;3;3;4;5;5;2;3;2;6;4;1;1966;3; ; ; ;"Fischen; Tennis";D;81373;6
207;2;7;3;2;2;3;2;1;1;2;2;3;2;2; ; ;4;3;5;3;4;1;3;4;3;6;2;3;4;4; ; ;2;1;2;3;3;2;4;3;2;3;2; ; ;1;1;2;3;2;2;3;3;2; ;./.;4;2;3;2;1;0;0;0;0;0;0;1;0;0; ;0;0;0;0;1;0;1;1;0;5;8;7; ;2;1;2;3;3;4;4;3;3;4;4;2;3;3;2;4; ; ;3;2;2;2;3;3;6;2;3;3; ;4;4;6;4;4;3;4;6;3;2;2;2;4;3;2;2;3;2;2;4;1;1952;14; ; ; ;"Segeln; Fotografieren";D;26384;6
208;2;11;3;2;1;2;1;1;1;1;1;2;4;1; ; ;5;4;5;5;7;1;5;3;1;7;2;3;4;3; ; ;1;1;3;3;2;1;3;1;1;3;3; ; ;1;1;2;3;2;1;3;8;1; ;Überhaupt nichts;4;3;4;3;1;0;0;0;0;0;0;0;0;0; ;0;0;0;0;0;0;0;0;0;0;0;0; ;0;2;1;2;4;5;3;3;2;2;4;4;1;1;1;4; ; ;2;2;1;4;3;2;4;4;4;-99; ;5;4;6;3;4;2;2;4;3;2;2;2;4;4;5;3;5;2;6;4;1;1959;17;16;14;12;"Fußball; Skifahren";D;76275;6
209;2;8;2;1;1;1;8;2;2;1;1;1;2;2; ; ;3;3;1;3;4;1;2;2;1;3;1;2;3;4; ; ;1;1;2;2;1;1;1;3;1;2;1; ; ;1;2;2;2;1;1;2;2;1; ;Nichts;4;2;2;8;1;0;0;0;0;0;0;1;0;0; ;0;1;0;0;1;0;0;1;0;8;5;2;Das Gefühl im Bauch;2;1;1;1;1;1;1;1;1;1;1;1;1;3;1;1; ; ;2;2;1;2;1;1;6;5;1;-99; ;6;4;3;2;1;4;3;3;7;3;1;1;3;1;22;2;2;1;7;4;1;1967; ; ; ; ;"Motorrad fahren; Schnelle Autos; Sport";D;22303;6
210;2;1;3;3;3;2;1;4;3;3;3;3;2;3; ; ;3;2;2;2;2;3;3;2;2;5;1;4;3;3; ; ;1;1;3;3;5;1;4;2;1;1;2; ; ;2;2;3;2;2;3;0;0;3; ; ;0;2;4;2;0;0;0;0;0;0;0;0;0;1; ;0;0;0;0;1;0;0;1;0;8;5;0;Hoffe, die ich am meisten sehe sind geprüft und vertrauenswürdig!;3;3;1;1;4;4;4;2;2;2;3;3;1;1;1;4; ; ;3;3;3;3;3;3;3;3;3;2; ;5;6;3;8;2;6;3;6;4;3;3;4;5;2;4;4;5;3;6;3;1;1973;8;4; ; ;"Meine Arbeit; Skifahren";D;44357;0
211;2;2;2;2;1;1;1;1;1;2;1;3;0;1; ; ;1;2;7;7;6;7;1;4;1;3;1;3;3;4; ; ;1;1;2;5;6;1;3;1;1;3;3; ; ;1;1;2;2;8;1;8;8;1; ;"Qualitativ hochwertiger (schwarzer) Tee. Die Teebeutel sind für einen ""Nicht-Kaffee-Trinker"" eine Zumutung!";5;2;3;1;0;0;0;0;0;0;0;1;0;0; ;0;0;0;0;0;0;0;1;0;8;0;0;Ich kenne (bewusst) nur dieses eine;1;1;1;1;4;4;4;1;4;1;4;1;1;1;1;4; ; ;1;1;1;1;1;5;7;7;7;5; ;7;2;7;1;3;5;3;2;7;4;2;1;1;4;1;1;2;2;7;4;2;1969; ; ; ; ;"Schwimmen; Tanzen; Lesen; kreative Fotogestaltung (Scrapbooking)";D;65835;6
212;2;1;3;2;2;2;2;2;2;2;1;1;2;1; ; ;3;3;4;2;3;2;2;3;2;4;2;1;2;2; ; ;1;1;2;2;2;1;1;1;1;2;2; ; ;1;1;2;8;8;1;8;8;2; ; ;2;1;2;2;0;0;0;0;0;0;0;1;0;1; ;0;0;0;0;0;1;1;1;0;6;8;7; ;2;2;1;2;2;3;2;3;2;1;2;2;2;1;1;2; ; ;2;1;1;2;1;2;3;3;2;4; ;2;1;3;3;2;6;2;3;6;2;3;2;3;2;3;2;3;1;2;3;2;1968;6; ; ; ;"Literatur; Tennis; Wellfit";D;40764;6
213;2;1;3;2;2;1;1;1;4;3;1;2;3;1; ; ;3;3;6;1;4;2;2;1;2;4;1;1;2;1; ; ;1;1;1;1;1;1;1;1;1;1;2; ; ;1;1;1;1;1;1;8;8;1; ;Zwiebelringe bei der Salatauswahl :-);2;2;2;2;0;0;0;0;0;0;0;0;0;1;Foren, z. B. Urlaubscheck.de;0;0;0;0;1;1;0;1;0;6;8;5;Z. B. aufgrund Tests in Magazinen (z. B. Ökotest, etc.) und aus eigener Erfahrung.;2;1;1;1;3;3;2;3;6;1;2;2;1;1;1;3; ; ;2;1;1;2;2;1;2;2;2;10; ;2;1;7;4;1;6;1;1;7;2;4;3;1;2;1;1;2;1;2;2;1;1967;23;21;6; ;"Sport; Musik; Kino";D;40764;6
214;2;7;3;2;2;0;1;2;3;2;2;8;8;2; ; ;3;3;7;7;4;7;4;7;5;0;2;2;2;2; ; ;1;1;1;8;2;1;2;8;1;2;2; ; ;3;2;2;8;8;2;8;8;2; ; ;4;3;3;0;0;0;0;0;0;0;0;1;0;0; ;0;0;0;0;1;1;0;1;0;5;6;8;Es findet eine Kontrolle statt! Mit dem Wort Bio wird oft nur ein Geschäft gemacht! Viel teurer als andere Lebensmittel!;3;3;0;3;0;0;0;3;2;2;2;8;3;3;2;4; ; ;3;3;3;3;3;3;3;3;3;-99; ;2;5;5;3;3;3;5;0;5;4;2;2;2;4;4;2;3;8;8;3;2;1942; ; ; ; ;"Lesen; Wandern; Fotografieren";D;91217;0
215;2;1;3;0;1;2;1;1;1;1;1;2;8;2; ; ;3;3;3;2;3;7;3;3;2;3;1;2;2;3; ; ;1;1;1;1;1;1;1;1;1;1;1; ; ;1;2;2;2;2;1;8;8;1; ;Seafood;2;1;1;1;1;0;0;0;0;0;0;0;1;1; ;0;0;0;0;1;1;1;1;0;6;5;8;Weil es ein deutsches Siegel ist (kein EU-Siegel);1;1;1;1;2;7;7;1;3;1;1;3;1;1;1;7; ; ;1;1;1;3;1;3;3;3;3;-99; ;7;2;7;8;1;2;7;3;7;4;2;2;2;2;4;2;3;2;4;4;1;1967;6;1; ; ; ;D;85774;5
216;2;10;3;2;1;2;2;4;5;3;2;3;2;2; ; ;3;4;4;3;3;1;2;2;2;1;1;1;1;2; ; ;1;1;1;1;1;1;1;1;1;1;6; ; ;2;2;3;8;5;2;8;8;2; ; ;2;1;1;1;1;0;0;0;0;0;0;0;0;0;War bereits hier.;0;0;0;0;1;1;0;1;0;6;5;8;Kaufe ich zu hause am häufigsten ein.;1;1;1;1;1;3;3;1;4;4;2;1;1;1;1;2; ; ;3;1;1;3;1;1;5;6;6;-99; ;7;2;7;6;1;7;1;2;6;2;3;2;5;2;4;2;2;2;6;4;2;1966;5;3; ; ;"Tennis; Fitness";D;53173;6
217;2;6;3;4;2;2;1;2;1;3;2;3;6;1; ; ;6;5;7;4;4;2;2;4;2;5;1;2;4;3; ; ;1;1;2;3;2;1;3;3;2;3;3; ; ;2;3;3;8;0;0;8;8;2; ;Schinken;4;1;4;1;1;0;0;0;0;0;0;1;1;0; ;0;0;0;0;1;1;0;1;0;8;6;5;Geprüfte, sichere Herkunft.;3;3;1;3;3;7;7;5;2;2;4;4;1;1;1;5; ; ;2;2;2;5;3;2;6;6;4;0;Hoher Reisepreis muss dieses Angebot beinhalten.;5;6;1;1;1;4;3;2;2;4;3;2;4;3;5;2;2;2;4;4;2;1969;6; ; ; ;"Sport; Natur; mein Sohn";D;74211;0
218;2;12;1;1;1;1;1;1;1;1;2;1;1;1; ; ;7;1;7;6;7;6;1;6;1;3;1;1;1;2; ; ;1;1;1;1;1;1;1;1;1;2;2; ; ;1;1;1;1;1;1;2;1;1; ; ;2;2;1;1;0;0;0;0;0;0;0;0;0;1; ;0;0;0;0;0;0;0;1;0;0;0;0; ;5;5;5;5;5;7;7;7;1;3;3;3;2;2;2;6; ; ;1;1;1;1;1;2;2;2;2;-99; ;3;6;2;2;0;0;5;2;3;2;1;1;1;3;3;3;1;1;6;2;2;1955;28;25; ; ;Alles was Spaß macht;D;83410;1
219;2;6;3;4;2;2;2;1;2;2;1;2;3;2;1;Teuer;2;2;5;4;4;0;3;1;1;6;1;3;5;3; ; ;1;1;2;2;2;1;2;3;1;5;1; ; ;1;2;2;2;3;1;8;8;2; ;Hochwertige Wurstwaren!;4;2;3;2;1;0;0;0;0;0;0;1;0;0; ;0;0;0;0;1;1;0;1;0;0;0;0; ;2;1;1;1;3;2;4;4;3;0;2;2;2;1;3;5; ; ;2;1;1;2;2;2;7;4;4;0;Kann man bei dem hohen Grundpreis erwarten!;4;7;6;2;2;4;4;6;2;2;3;2;2;1;3;3;2;1;4;4;1;1967;6; ; ; ;"Skifahren; Reisen; Musik";D;74211;0
